skills;amount;salarysum;value
python;10518;899419792.6956769;85512.43512984188
postgresql;141;2004058.4415584393;14213.180436584676
git;2071;86409824.79048616;41723.720323749956
django framework;0;0.0;0.0
sql;1574;78339562.64430013;49771.00549193147
linux;689;21704517.536209207;31501.476830492316
docker;1185;35556042.3160172;30005.099000858398
flask;555;19105463.458110522;34424.25848308202
django;311;7297864.652533072;23465.8027412639
redis;138;5874750.0;42570.65217391304
РѕРѕРї;0;0.0;0.0
rabbitmq;45;1968750.0;43750.0
Р°РЅРіР»РёР№СЃРєРёР№ СЏР·С‹Рє;0;0.0;0.0
mysql;228;3571722.4567099577;15665.449371534902
javascript;35;1046428.5714285718;29897.95918367348
mongodb;62;1240000.0;20000.0
fastapi;596;11356962.375859456;19055.305999764187
kubernetes;255;11790917.27803132;46238.89128639733
rest;568;24403317.099567123;42963.58644289986
asyncio;1586;59413002.01186491;37460.909213029576
celery;63;2700000.0;42857.142857142855
api;847;28656434.171249602;33832.86206759103
kafka;223;5096022.727272727;22852.119853240925
aiohttp;1051;24081089.359986424;22912.54934346948
html;78;1809999.999999999;23205.128205128192
css;0;0.0;0.0
rest api;130;6743750.0;51875.0
Р±Р°Р·С‹ РґР°РЅРЅС‹С…;0;0.0;0.0
sqlalchemy;54;2121428.5714285723;39285.714285714304
c++;0;0.0;0.0
clickhouse;252;11553257.575757556;45846.26022126014
atlassian jira;0;0.0;0.0
backend;798;53404485.89003653;66922.91464916858
СѓРґР°Р»РµРЅРЅР°СЏ СЂР°Р±РѕС‚Р°;0;0.0;0.0
СЂР°Р±РѕС‚Р° РІ РєРѕРјР°РЅРґРµ;0;0.0;0.0
ci/cd;0;0.0;0.0
bash;3955;231469793.93689847;58525.86445939279
nginx;329;22994428.494406253;69891.87992220746
elasticsearch;63;2700000.0;42857.142857142855
golang;574;29378964.89707898;51182.86567435363
pandas;4014;182604907.00782883;45492.004735383365
java;353;13815984.126984114;39138.765232249614
go;12312;1100717921.542425;89402.04041117811
nosql;113;3838333.3333333363;33967.551622418905
aws;0;0.0;0.0
c/c++;0;0.0;0.0
СЂР°Р·СЂР°Р±РѕС‚РєР° РЅРѕРІРѕРіРѕ РїСЂРѕРґСѓРєС‚Р°;0;0.0;0.0
docker-compose;229;8834400.0;38578.16593886463
pytest;1207;79393827.54703178;65777.81901162532
spark;612;19972555.194805197;32634.89410915882
big data;83;8023333.333333342;96666.66666666677
unit testing;0;0.0;0.0
ml;604;86842500.0;143778.97350993377
django rest framework;0;0.0;0.0
react;30;1455721.795390214;48524.05984634047
scrum;0;0.0;0.0
gitlab;304;10427857.142857146;34302.16165413535
ms sql;0;0.0;0.0
php;133;9537500.0;71710.52631578948
etl;80;11575000.0;144687.5
http;1377;40184839.35998653;29182.889876533427
numpy;3388;120797908.9285708;35654.636637712756
orm;1074;53961916.66666668;50243.87026691497
СЂР°Р±РѕС‚Р° СЃ Р±Р°Р·Р°РјРё РґР°РЅРЅС‹С…;0;0.0;0.0
html5;0;0.0;0.0
xml;87;3801666.6666666674;43697.31800766284
agile;0;0.0;0.0
hadoop;23;1288000.0;56000.0
Р°СЃРёРЅС…СЂРѕРЅРЅРѕРµ РїСЂРѕРіСЂР°РјРјРёСЂРѕРІР°РЅРёРµ;0;0.0;0.0
drf;0;0.0;0.0
СЃСѓР±Рґ;0;0.0;0.0
qt;93;2452500.0;26370.967741935485
vue.js;0;0.0;0.0
c#;0;0.0;0.0
jquery;0;0.0;0.0
machine learning;149;3557999.9999999967;23879.194630872462
Р°РЅР°Р»РёР· РґР°РЅРЅС‹С…;0;0.0;0.0
js;801;62888131.50216261;78512.02434726918
pycharm;0;0.0;0.0
saas;0;0.0;0.0
devops;109;3372000.000000002;30935.77981651378
Р°Р»РіРѕСЂРёС‚РјС‹;0;0.0;0.0
airflow;359;13390320.346320363;37298.94246885895
node.js;0;0.0;0.0
soap;64;3200000.0;50000.0
СЂР°Р·СЂР°Р±РѕС‚РєР° РїРѕ;0;0.0;0.0
unix;68;1236363.6363636372;18181.818181818195
jenkins;66;1715000.0;25984.848484848484
СѓРїСЂР°РІР»РµРЅРёРµ РїСЂРѕРµРєС‚Р°РјРё;0;0.0;0.0
oracle;80;1200000.0;15000.0
РѕРїС‚РёРјРёР·Р°С†РёСЏ РєРѕРґР°;0;0.0;0.0
graphql;0;0.0;0.0
tcp/ip;146;4125000.0;28253.424657534248
elk;0;0.0;0.0
tensorflow;271;8484250.000000011;31307.19557195576
data science;63;2520000.0;40000.0
json api;0;0.0;0.0
agile project management;0;0.0;0.0
opencv;0;0.0;0.0
Р°Р»РіРѕСЂРёС‚РјС‹ Рё СЃС‚СЂСѓРєС‚СѓСЂС‹ РґР°РЅРЅС‹С…;0;0.0;0.0
РѕР±СѓС‡РµРЅРёРµ Рё СЂР°Р·РІРёС‚РёРµ;0;0.0;0.0
Р°РЅР°Р»РёС‚РёС‡РµСЃРєРѕРµ РјС‹С€Р»РµРЅРёРµ;0;0.0;0.0
pytorch;199;6900669.642857134;34676.73187365394
rust;29;966666.666666667;33333.33333333334
tornado;89;1439705.8823529389;16176.470588235268
ansible;261;10206198.14285715;39104.207443897125
atlassian confluence;0;0.0;0.0
jira;126;2307272.727272723;18311.68831168828
solid;240;21760000.0;90666.66666666667
РІРµР±-РїСЂРѕРіСЂР°РјРјРёСЂРѕРІР°РЅРёРµ;0;0.0;0.0
blockchain;0;0.0;0.0
css3;0;0.0;0.0
РіСЂР°РјРѕС‚РЅР°СЏ СЂРµС‡СЊ;0;0.0;0.0
typescript;0;0.0;0.0
openstack;43;1612500.0;37500.0
tdd;0;0.0;0.0
nlp;72;55800.0;775.0
swagger;77;2566666.666666667;33333.333333333336
k8s;225;30757500.0;136700.0
web;1324;107863064.24242432;81467.5711800788
СѓРјРµРЅРёРµ СЂР°Р±РѕС‚Р°С‚СЊ РІ СѓСЃР»РѕРІРёСЏС… РјРЅРѕРіРѕР·Р°РґР°С‡РЅРѕСЃС‚Рё;0;0.0;0.0
apache kafka;0;0.0;0.0
СЂР°Р±РѕС‚Р° РІ СѓСЃР»РѕРІРёСЏС… РјРЅРѕРіРѕР·Р°РґР°С‡РЅРѕСЃС‚Рё;0;0.0;0.0
highload;88;11856505.935271937;134733.02199172656
json;386;8656306.666666675;22425.664939550974
РјР°С€РёРЅРЅРѕРµ РѕР±СѓС‡РµРЅРёРµ;0;0.0;0.0
bootstrap;0;0.0;0.0
information security;0;0.0;0.0
СЂР°Р±РѕС‚Р° СЃ Р±РѕР»СЊС€РёРј РѕР±СЉРµРјРѕРј РёРЅС„РѕСЂРјР°С†РёРё;0;0.0;0.0
teamcity;73;1219125.0;16700.342465753423
ci;5769;199625727.36224672;34603.176869864226
hive;0;0.0;0.0
grpc;28;672000.0;24000.0
СЃРёСЃС‚РµРјРЅРѕРµ РјС‹С€Р»РµРЅРёРµ;0;0.0;0.0
github;0;0.0;0.0
С‚РµСЃС‚РёСЂРѕРІР°РЅРёРµ;0;0.0;0.0
microservices;0;0.0;0.0
РјР°С‚РµРјР°С‚РёС‡РµСЃРєР°СЏ СЃС‚Р°С‚РёСЃС‚РёРєР°;0;0.0;0.0
РјР°С‚РµРјР°С‚РёС‡РµСЃРєРёР№ Р°РЅР°Р»РёР·;0;0.0;0.0
РїСЂРµРїРѕРґР°РІР°С‚РµР»СЊ;0;0.0;0.0
html/css;0;0.0;0.0
СѓРїСЂР°РІР»РµРЅРёРµ РєРѕРјР°РЅРґРѕР№;0;0.0;0.0
sanic;0;0.0;0.0
fast api;0;0.0;0.0
РіСЂР°РјРѕС‚РЅРѕСЃС‚СЊ;0;0.0;0.0
teamleading;0;0.0;0.0
selenium;160;3594179.1666666684;22463.61979166668
adobe photoshop;0;0.0;0.0
gitlab ci;0;0.0;0.0
data analysis;0;0.0;0.0
ajax;0;0.0;0.0
computer vision;50;4687500.0;93750.0
pyqt;33;412500.0;12500.0
terraform;38;988000.0;26000.0
СЃРµС‚РµРІС‹Рµ С‚РµС…РЅРѕР»РѕРіРёРё;0;0.0;0.0
websocket;90;900000.0;10000.0
РѕСЂРёРµРЅС‚Р°С†РёСЏ РЅР° СЂРµР·СѓР»СЊС‚Р°С‚;0;0.0;0.0
angular;0;0.0;0.0
scrapy;0;0.0;0.0
kotlin;0;0.0;0.0
Р¶РµР»Р°РЅРёРµ СѓС‡РёС‚СЊСЃСЏ Рё СЂР°Р·РІРёРІР°С‚СЊСЃСЏ;0;0.0;0.0
dwh;0;0.0;0.0
СЃ#;0;0.0;0.0
openshift;126;2307272.727272723;18311.68831168828
java script;0;0.0;0.0
memcached;0;0.0;0.0
vuejs;0;0.0;0.0
react.js;0;0.0;0.0
РґРµР»РѕРІР°СЏ РєРѕРјРјСѓРЅРёРєР°С†РёСЏ;0;0.0;0.0
pyramid;0;0.0;0.0
РїР°С‚С‚РµСЂРЅС‹ РїСЂРѕРµРєС‚РёСЂРѕРІР°РЅРёСЏ;0;0.0;0.0
oracle pl/sql;0;0.0;0.0
vue;15;403125.0;26875.0
odoo;0;0.0;0.0
confluence;126;2307272.727272723;18311.68831168828
РїР°СЂСЃРёРЅРі;0;0.0;0.0
svn;32;3200000.0;100000.0
РЅРµР№СЂРѕРЅРЅС‹Рµ СЃРµС‚Рё;0;0.0;0.0
soft skills;0;0.0;0.0
scala;115;8215333.333333342;71437.68115942036
selenium ide;0;0.0;0.0
С‚РІРѕСЂС‡РµСЃРєРѕРµ РјС‹С€Р»РµРЅРёРµ;0;0.0;0.0
apache http server;0;0.0;0.0
design patterns;0;0.0;0.0
РјРѕР±РёР»СЊРЅС‹Рµ РїСЂРёР»РѕР¶РµРЅРёСЏ;0;0.0;0.0
ms sql server;0;0.0;0.0
bpmn;0;0.0;0.0
РєСЂРµР°С‚РёРІРЅРѕСЃС‚СЊ;0;0.0;0.0
grafana;85;1700000.0;20000.0
restapi;0;0.0;0.0
qa;0;0.0;0.0
bitbucket;0;0.0;0.0
Р»РёРґРµСЂСЃС‚РІРѕ;0;0.0;0.0
r;44241;3170671598.262013;71668.1720183091
data mining;0;0.0;0.0
cmake;56;3640000.0000000014;65000.00000000002
laravel;0;0.0;0.0
РЅР°СЃС‚Р°РІРЅРёС‡РµСЃС‚РІРѕ;0;0.0;0.0
keras;46;1840000.0;40000.0
СѓРјРµРЅРёРµ РїСЂРёРЅРёРјР°С‚СЊ СЂРµС€РµРЅРёСЏ;0;0.0;0.0
web application development;0;0.0;0.0
РёРЅС„РѕСЂРјР°С†РёРѕРЅРЅР°СЏ Р±РµР·РѕРїР°СЃРЅРѕСЃС‚СЊ;0;0.0;0.0
websockets;0;0.0;0.0
РјРЅРѕРіРѕР·Р°РґР°С‡РЅРѕСЃС‚СЊ;0;0.0;0.0
telegram;0;0.0;0.0
РѕР±СѓС‡РµРЅРёРµ;0;0.0;0.0
data engineering;99;935000.000000002;9444.444444444465
python3;0;0.0;0.0
РїР»Р°РЅРёСЂРѕРІР°РЅРёРµ РєР°СЂСЊРµСЂС‹;0;0.0;0.0
stl;25;1666666.666666667;66666.66666666669
ms powerpoint;0;0.0;0.0
cРёСЃС‚РµРјС‹ СѓРїСЂР°РІР»РµРЅРёСЏ Р±Р°Р·Р°РјРё РґР°РЅРЅС‹С…;0;0.0;0.0
perl;453;13199567.55119796;29138.11821456503
pydantic;0;0.0;0.0
СЂР°Р±РѕС‚Р° СЃ Р±Р°РЅРєР°РјРё;0;0.0;0.0
web api;0;0.0;0.0
architecture;0;0.0;0.0
google docs;0;0.0;0.0
redux;0;0.0;0.0
apache airflow;0;0.0;0.0
1СЃ РїСЂРѕРіСЂР°РјРјРёСЂРѕРІР°РЅРёРµ;0;0.0;0.0
python 3;0;0.0;0.0
english;0;0.0;0.0
sentry;44;609125.0;13843.75
jupyter notebook;0;0.0;0.0
pl/sql;0;0.0;0.0
databases;58;2721428.571428572;46921.18226600986
prometheus;0;0.0;0.0
.net framework;0;0.0;0.0
frontend;21;334090.909090909;15909.090909090904
Р°РґРјРёРЅРёСЃС‚СЂРёСЂРѕРІР°РЅРёРµ СЃРµСЂРІРµСЂРѕРІ linux;0;0.0;0.0
vba;0;0.0;0.0
РјРёРєСЂРѕСЃРµСЂРІРёСЃС‹;0;0.0;0.0
СЂСѓРєРѕРІРѕРґСЃС‚РІРѕ РєРѕРјР°РЅРґРѕР№ СЂР°Р·СЂР°Р±РѕС‚С‡РёРєРѕРІ;0;0.0;0.0
falcon;0;0.0;0.0
Р·РЅР°РЅРёРµ Р°РЅРіР»РёР№СЃРєРѕРіРѕ СЏР·С‹РєР°;0;0.0;0.0
deep learning;0;0.0;0.0
crm;0;0.0;0.0
cassandra;0;0.0;0.0
mercurial;0;0.0;0.0
oop;1317;60026575.643617876;45578.26548490347
СѓРїСЂР°РІР»РµРЅРёРµ РІСЂРµРјРµРЅРµРј;0;0.0;0.0
django rest;0;0.0;0.0
pl/python;0;0.0;0.0
ubuntu server;0;0.0;0.0
Р°РІС‚РѕРјР°С‚РёР·Р°С†РёСЏ РїСЂРѕС†РµСЃСЃРѕРІ;0;0.0;0.0
РїРѕР»СЊР·РѕРІР°С‚РµР»СЊ РїРє;0;0.0;0.0
sqlite;0;0.0;0.0
gulp;0;0.0;0.0
СЂСѓРєРѕРІРѕРґСЃС‚РІРѕ РєРѕР»Р»РµРєС‚РёРІРѕРј;0;0.0;0.0
РјР°С‚РµРјР°С‚РёРєР°;0;0.0;0.0
СЃС‚Р°С‚РёСЃС‚РёС‡РµСЃРєРёР№ Р°РЅР°Р»РёР·;0;0.0;0.0
pyside;0;0.0;0.0
restful api;0;0.0;0.0
Р»РёРЅРµР№РЅРѕРµ РїСЂРѕРіСЂР°РјРјРёСЂРѕРІР°РЅРёРµ;0;0.0;0.0
gunicorn;55;916666.6666666659;16666.666666666653
postgres;360;9388982.683982689;26080.507455507468
it;13617;748181148.4740003;54944.63894205775
cms wordpress;0;0.0;0.0
influxdb;0;0.0;0.0
unix-like СЃРёСЃС‚РµРјС‹;0;0.0;0.0
РѕРїС‚РёРјРёР·Р°С†РёСЏ Р·Р°РїСЂРѕСЃРѕРІ;0;0.0;0.0
ubuntu;0;0.0;0.0
macos;0;0.0;0.0
С‚РµРѕСЂРёСЏ РІРµСЂРѕСЏС‚РЅРѕСЃС‚РµР№;0;0.0;0.0
iohttp;1377;40184839.35998653;29182.889876533427
РјРѕР±РёР»СЊРЅРѕСЃС‚СЊ;0;0.0;0.0
РґРµР»РѕРІРѕРµ РѕР±С‰РµРЅРёРµ;0;0.0;0.0
elascticsearch;0;0.0;0.0
djangoorm;0;0.0;0.0
starlette;98;2511250.0;25625.0
postgis;0;0.0;0.0
jupiter;0;0.0;0.0
Р»РѕРіРёРєР°;0;0.0;0.0
jupyter;0;0.0;0.0
requests;192;5187738.095238095;27019.469246031746
elastic search;0;0.0;0.0
СѓРјРµРЅРёРµ Р°РґР°РїС‚РёСЂРѕРІР°С‚СЊСЃСЏ;0;0.0;0.0
СѓРїСЂР°РІР»РµРЅРёРµ РїРµСЂСЃРѕРЅР°Р»РѕРј;0;0.0;0.0
РєРѕРјРїСЊСЋС‚РµСЂРЅРѕРµ Р·СЂРµРЅРёРµ;0;0.0;0.0
software development;138;6186025.607525479;44826.272518300575
Р°РЅР°Р»РёС‚РёС‡РµСЃРєРёРµ СЃРїРѕСЃРѕР±РЅРѕСЃС‚Рё;0;0.0;0.0
РѕС‚РІРµС‚СЃС‚РІРµРЅРЅРѕСЃС‚СЊ Рё РїСѓРЅРєС‚СѓР°Р»СЊРЅРѕСЃС‚СЊ;0;0.0;0.0
РІРµРґРµРЅРёРµ РїРµСЂРµРіРѕРІРѕСЂРѕРІ;0;0.0;0.0
firewall;40;381818.1818181818;9545.454545454546
ms excel;0;0.0;0.0
СЂР°Р·СЂР°Р±РѕС‚РєР° РїР»Р°С‚С„РѕСЂРјС‹;0;0.0;0.0
РёРЅС„РѕСЂРјР°С†РёРѕРЅРЅС‹Рµ С‚РµС…РЅРѕР»РѕРіРёРё;0;0.0;0.0
Р°РґРµРєРІР°С‚РЅРѕСЃС‚СЊ;0;0.0;0.0
yii;0;0.0;0.0
nuxt.js;0;0.0;0.0
mvc;0;0.0;0.0
automation;0;0.0;0.0
vmware;0;0.0;0.0
alm СЃРёСЃС‚РµРјС‹;0;0.0;0.0
РѕС‚РІРµС‚СЃС‚РІРµРЅРЅРѕСЃС‚СЊ;0;0.0;0.0
mlops;0;0.0;0.0
kibana;0;0.0;0.0
РґРµР»РѕРІР°СЏ РїРµСЂРµРїРёСЃРєР°;0;0.0;0.0
google cloud platform;0;0.0;0.0
symfony;0;0.0;0.0
windows;0;0.0;0.0
wireshark;80;2000000.0;25000.0
Р·РЅР°РЅРёРµ Р±Р°Р·С‹ РґР°РЅРЅС‹С… postgresql;0;0.0;0.0
networking;0;0.0;0.0
django/flask;0;0.0;0.0
Р°РЅР°Р»РёР· РєРѕРґР°;0;0.0;0.0
РєРѕРјР°РЅРґРЅР°СЏ СЃС‚СЂРѕРєР° linux;0;0.0;0.0
erp;104;4455347.222222217;42839.87713675209
РїР»РёСЃ xilinx;0;0.0;0.0
СЃРєР°РґР° СЃРёСЃС‚РµРјС‹;0;0.0;0.0
Р±РёР±Р»РёРѕС‚РµРєРё;0;0.0;0.0
game programming;0;0.0;0.0
qt(pyqt);0;0.0;0.0
cuda;0;0.0;0.0
С‡С‚РµРЅРёРµ Рё РЅР°РїРёСЃР°РЅРёРµ РґРѕРєСѓРјРµРЅС‚Р°С†РёРё;0;0.0;0.0
notion;0;0.0;0.0
СЃРµС‚РµРІРѕР№ СЃС‚РµРє;0;0.0;0.0
РѕСЂРіР°РЅРёР·Р°С†РёРѕРЅРЅС‹Рµ РЅР°РІС‹РєРё;0;0.0;0.0
clean architecture;0;0.0;0.0
Р±Р»РѕРєС‡РµР№РЅ;0;0.0;0.0
django orm;0;0.0;0.0
Р±Р°Р·РѕРІС‹Рµ Р·РЅР°РЅРёСЏ Рё РїРѕРЅРёРјР°РЅРёРµ РёРіСЂС‹ СЃs:go;0;0.0;0.0
unity;0;0.0;0.0
РѕСЂРіР°РЅРёР·Р°С†РёСЏ СѓС‡РµР±РЅРѕРіРѕ РїСЂРѕС†РµСЃСЃР°;0;0.0;0.0
web3;0;0.0;0.0
c;33773;2325090483.3052588;68844.653519239
ruby;101;4975318.181818181;49260.57605760575
СЃР±РѕСЂ Рё Р°РЅР°Р»РёР· РёРЅС„РѕСЂРјР°С†РёРё;0;0.0;0.0
sklearn;2008;60031658.92857127;29896.244486340274
ai;2181;65496033.8233972;30030.27685621146
scikit-learn;507;13268749.99999998;26171.10453648911
voip;0;0.0;0.0
mathematical statistics;0;0.0;0.0
angularjs;0;0.0;0.0
С…РѕСЂРѕС€Р°СЏ РѕР±СѓС‡Р°РµРјРѕСЃС‚СЊ;0;0.0;0.0
РѕСЂРіР°РЅРёР·Р°С†РёСЏ РјРµСЂРѕРїСЂРёСЏС‚РёР№;0;0.0;0.0
gcp;0;0.0;0.0
openapi;0;0.0;0.0
РјР°С‚РµРјР°С‚РёС‡РµСЃРєРѕРµ РјРѕРґРµР»РёСЂРѕРІР°РЅРёРµ;0;0.0;0.0
grapgql;0;0.0;0.0
figma;0;0.0;0.0
code review;372;22607083.33333334;60771.72939068102
raspberry pi;0;0.0;0.0
autodesk maya;0;0.0;0.0
alembic;62;1756666.6666666653;28333.33333333331
ddd;0;0.0;0.0
zabbix;0;0.0;0.0
РјРёРєСЂРѕСЃРµСЂРІРёСЃРЅР°СЏ Р°СЂС…РёС‚РµРєС‚СѓСЂР°;0;0.0;0.0
Р°РЅРіР»РёР№СЃРєРёР№ вЂ” b2 вЂ” СЃСЂРµРґРЅРµ-РїСЂРѕРґРІРёРЅСѓС‚С‹Р№;0;0.0;0.0
РїСЂРѕРµРєС‚РЅР°СЏ СЂР°Р±РѕС‚Р°;0;0.0;0.0
Р°РЅР°Р»РёС‚РёРєР°;0;0.0;0.0
reactjs;0;0.0;0.0
android;94;12925000.0;137500.0
vertica;0;0.0;0.0
spring framework;0;0.0;0.0
retail;3;60000.0;20000.0
РєСЂРёРїС‚РѕРІР°Р»СЋС‚Р°;0;0.0;0.0
СЌРЅС‚СѓР·РёР°Р·Рј;0;0.0;0.0
СЂР°Р·СЂР°Р±РѕС‚РєР° С‚РµС…РЅРёС‡РµСЃРєРёС… Р·Р°РґР°РЅРёР№;0;0.0;0.0
kanban;0;0.0;0.0
amocrm;0;0.0;0.0
РєРѕРјРјСѓРЅРёРєР°Р±РµР»СЊРЅРѕСЃС‚СЊ, СЃС‚СЂРµСЃСЃРѕСѓСЃС‚РѕР№С‡РёРІРѕСЃС‚СЊ;0;0.0;0.0
РЅР°РіСЂСѓР·РѕС‡РЅРѕРµ С‚РµСЃС‚РёСЂРѕРІР°РЅРёРµ;0;0.0;0.0
gdal;0;0.0;0.0
СѓРјРµРЅРёРµ СЂР°Р±РѕС‚Р°С‚СЊ РІ РєРѕР»Р»РµРєС‚РёРІРµ;0;0.0;0.0
java se;0;0.0;0.0
РЅР°СЃС‚СЂРѕР№РєР° dns;0;0.0;0.0
pyspark;306;6001964.285714287;19614.262371615318
РјРѕС‚РёРІР°С†РёСЏ РїРµСЂСЃРѕРЅР°Р»Р°;0;0.0;0.0
uml;0;0.0;0.0
РїРѕРґР±РѕСЂ РїРµСЂСЃРѕРЅР°Р»Р°;0;0.0;0.0
algorithms;179;6250833.333333348;34920.85661080082
РѕСЂРіР°РЅРёР·Р°С‚РѕСЂСЃРєРёРµ РЅР°РІС‹РєРё;0;0.0;0.0
ros;201;16763333.333333341;83399.6683250415
РІРЅСѓС‚СЂРµРЅРЅРёР№ РєРѕРЅС‚СЂРѕР»СЊ;0;0.0;0.0
debian;254;18909999.999999993;74448.81889763777
dash;118;4293333.333333334;36384.180790960454
СЂР°Р·СЂР°Р±РѕС‚РєР° РєРѕРјРїСЊСЋС‚РµСЂРЅС‹С… РёРіСЂ;0;0.0;0.0
boost;523;9908130.95238096;18944.801056177745
РІС‹СЃРѕРєРѕРЅР°РіСЂСѓР¶РµРЅРЅС‹Рµ СЃРёСЃС‚РµРјС‹;0;0.0;0.0
РѕС‚РІРµС‚СЃС‚РІРµРЅРЅРѕРµ РѕС‚РЅРѕС€РµРЅРёРµ Рє СЂР°Р±РѕС‚Рµ;0;0.0;0.0
РїСѓР±Р»РёС‡РЅС‹Рµ РІС‹СЃС‚СѓРїР»РµРЅРёСЏ;0;0.0;0.0
powershell;238;5127648.130764641;21544.740045229584
3d РјРѕРґРµР»РёСЂРѕРІР°РЅРёРµ;0;0.0;0.0
b2b;0;0.0;0.0
github actions;0;0.0;0.0
СЂР°Р·СЂР°Р±РѕС‚РєР° РїСЂРѕРґСѓРєС‚Р°;0;0.0;0.0
back-end;152;8872000.000000006;58368.42105263162
vpn;40;381818.1818181818;9545.454545454546
shell scripting;28;249999.99999999983;8928.571428571422
plotly;79;1975000.0;25000.0
mssql;27;967500.0000000002;35833.33333333334
embedded;102;2515000.0;24656.86274509804
worldskills;0;0.0;0.0
trello;0;0.0;0.0
citrix;0;0.0;0.0
РјР°С‚РµРјР°С‚РёС‡РµСЃРєРѕРµ РїСЂРѕРіСЂР°РјРјРёСЂРѕРІР°РЅРёРµ;0;0.0;0.0
Р¶РµР»Р°РЅРёРµ РѕР±СѓС‡Р°С‚СЊСЃСЏ;0;0.0;0.0
teamplayer;0;0.0;0.0
selenium webdriver;0;0.0;0.0
flash mysql;0;0.0;0.0
db;444;19765833.333333325;44517.642642642626
solr;0;0.0;0.0
РѕРїРµСЂР°С‚РёРІРЅС‹Р№ РїРѕРёСЃРє РёРЅС„РѕСЂРјР°С†РёРё РІ СЃРµС‚Рё РёРЅС‚РµСЂРЅРµС‚;0;0.0;0.0
РїСЂРѕРІРµРґРµРЅРёРµ С‚РµСЃС‚РёСЂРѕРІР°РЅРёР№;0;0.0;0.0
arduino;0;0.0;0.0
arm cortex m;0;0.0;0.0
google cloud;0;0.0;0.0
fullstack;22;825000.0;37500.0
aiogram;0;0.0;0.0
СЂРµС„Р°РєС‚РѕСЂРёРЅРі РєРѕРґР°;0;0.0;0.0
phyton;0;0.0;0.0
РІС‹СЃРѕРєРёР№ СѓСЂРѕРІРµРЅСЊ СЃР°РјРѕРѕСЂРіР°РЅРёР·Р°С†РёРё;0;0.0;0.0
СЂР°Р·СЂР°Р±РѕС‚РєР° Р°СЂС…РёС‚РµРєС‚СѓСЂС‹;0;0.0;0.0
Р°syncio;0;0.0;0.0
СѓРјРµРЅРёРµ Р±С‹СЃС‚СЂРѕ СѓСЃРІР°РёРІР°С‚СЊ РЅРѕРІСѓСЋ РёРЅС„РѕСЂРјР°С†РёСЋ;0;0.0;0.0
ruby on rails;0;0.0;0.0
mariadb;0;0.0;0.0
power bi;0;0.0;0.0
rabbit;45;1968750.0;43750.0
СѓРјРµРЅРёРµ СЃР»СѓС€Р°С‚СЊ;0;0.0;0.0
gitlab ci/cd;0;0.0;0.0
computer science;0;0.0;0.0
docker compose;0;0.0;0.0
test automation;0;0.0;0.0
РіСЂСѓРїРїРѕРІРѕРµ РѕР±СѓС‡РµРЅРёРµ;0;0.0;0.0
Р°РЅРіР»РёР№СЃРєРёР№ СЏР·С‹Рє (intermediate);0;0.0;0.0
backend developer;0;0.0;0.0
matlab;0;0.0;0.0
scipy;687;16394280.714285707;23863.581825743386
async;1733;71873002.01186498;41473.16907782168
СЃ/СЃ++/СЃ#;0;0.0;0.0
testing framework;0;0.0;0.0
РІРЅРёРјР°С‚РµР»СЊРЅРѕСЃС‚СЊ, РѕС‚РІРµС‚СЃС‚РІРµРЅРЅРѕСЃС‚СЊ;0;0.0;0.0
sql-Р·Р°РїСЂРѕСЃС‹;0;0.0;0.0
dchp;0;0.0;0.0
typescript/javascript;0;0.0;0.0
РїСЂРѕРµРєС‚РёСЂРѕРІР°РЅРёРµ РїРѕР»СЊР·РѕРІР°С‚РµР»СЊСЃРєРёС… РёРЅС‚РµСЂС„РµР№СЃРѕРІ;0;0.0;0.0
СѓРјРµРЅРёРµ СЂР°Р±РѕС‚Р°С‚СЊ РІ РєРѕРјР°РЅРґРµ;0;0.0;0.0
business english;0;0.0;0.0
aerospike;0;0.0;0.0
РѕРїРї;0;0.0;0.0
google bigquery;0;0.0;0.0
visual studio code;0;0.0;0.0
development;425;19423340.084395133;45701.97666916502
druid;0;0.0;0.0
statistics;0;0.0;0.0
РёРЅРёС†РёР°С‚РёРІРЅРѕСЃС‚СЊ;0;0.0;0.0
activemq;0;0.0;0.0
fastcgi;0;0.0;0.0
Р±СЌРєРµРЅРґ;0;0.0;0.0
ios;58;731191.4127118335;12606.748495031612
unix shell scripts;0;0.0;0.0
transact-sql;0;0.0;0.0
СѓРїСЂР°РІР»РµРЅРёРµ СЂР°Р·СЂР°Р±РѕС‚РєРѕР№;0;0.0;0.0
xsd;0;0.0;0.0
joomla cms;0;0.0;0.0
opencart;0;0.0;0.0
ms visio;0;0.0;0.0
РїРѕР·РёС‚РёРІРЅРѕРµ РјС‹С€Р»РµРЅРёРµ;0;0.0;0.0
РІРёСЂС‚СѓР°Р»РёР·Р°С†РёСЏ;0;0.0;0.0
Р±РёРѕРёРЅС„РѕСЂРјР°С‚РёРєР°;0;0.0;0.0
fluent english;0;0.0;0.0
asyncpg;0;0.0;0.0
poetry;56;140000.0;2500.0
1СЃ: РїСЂРµРґРїСЂРёСЏС‚РёРµ 8;0;0.0;0.0
tarantool;0;0.0;0.0
aiosmtplib;0;0.0;0.0
cd;151;1244020.0;8238.543046357616
cmd;49;948000.0000000001;19346.938775510207
asr;0;0.0;0.0
speech-to-text;0;0.0;0.0
СЂРµС€РµРЅРёРµ РїСЂРѕР±Р»РµРј;0;0.0;0.0
РіРµРЅРµСЂР°С†РёСЏ РёРґРµР№;0;0.0;0.0
Р±Р°Р·Р° РґР°РЅРЅС‹С…: oracle;0;0.0;0.0
РїСЂРµРїРѕРґР°РІР°РЅРёРµ;0;0.0;0.0
robot framework;0;0.0;0.0
continuous integration;0;0.0;0.0
logstash;0;0.0;0.0
multithreading;35;590625.0;16875.0
http api;0;0.0;0.0
gis;140;6225833.333333333;44470.23809523809
СЃС‚Р°С‚РёСЃС‚РёРєР°;0;0.0;0.0
С€РёСЂРѕРєРёР№ РєСЂСѓРіРѕР·РѕСЂ;0;0.0;0.0
azure;0;0.0;0.0
СЂРµС€РµРЅРёРµ РЅРµСЃС‚Р°РЅРґР°СЂС‚РЅС‹С… Р·Р°РґР°С‡;0;0.0;0.0
asana;0;0.0;0.0
react/redux;0;0.0;0.0
techlead;0;0.0;0.0
openoffice;0;0.0;0.0
СЂР°Р·СЂР°Р±РѕС‚РєР° РїРѕРёСЃРєРѕРІС‹С… С‚РµС…РЅРѕР»РѕРіРёР№;0;0.0;0.0
С‚РѕС‡РЅРѕСЃС‚СЊ Рё РІРЅРёРјР°С‚РµР»СЊРЅРѕСЃС‚СЊ Рє РґРµС‚Р°Р»СЏРј;0;0.0;0.0
bdd;0;0.0;0.0
pulsar;0;0.0;0.0
arm;279;8811666.666666666;31583.034647550776
scada;0;0.0;0.0
sphinx;0;0.0;0.0
helm;35;674999.9999999999;19285.714285714283
puppet;27;675000.0;25000.0
http, json;0;0.0;0.0
.net core;31;568333.3333333333;18333.333333333332
webpack;21;861000.0;41000.0
РѕСЂРіР°РЅРёР·Р°С†РёСЏ РјРµСЂРѕРїСЂРёСЏС‚РёР№ РґР»СЏ СЃРѕС‚СЂСѓРґРЅРёРєРѕРІ;0;0.0;0.0
blender 3d;0;0.0;0.0
3d;0;0.0;0.0
РїРѕСЃС‚Р°РЅРѕРІРєР° Р·Р°РґР°С‡ СЂР°Р·СЂР°Р±РѕС‚С‡РёРєР°Рј;0;0.0;0.0
internet;0;0.0;0.0
engine;378;19948666.666666638;52774.25044091703
sdk;22;770000.0;35000.0
citrix systems;0;0.0;0.0
РѕРїС‹С‚ СЂР°Р±РѕС‚С‹ РІ РєРѕРјР°РЅРґРµ;0;0.0;0.0
tibbo aggregate;0;0.0;0.0
sas;0;0.0;0.0
СЌС„С„РµРєС‚РёРІРЅРѕРµ РїСЂРёРЅСЏС‚РёРµ СЂРµС€РµРЅРёР№;0;0.0;0.0
youtrack;0;0.0;0.0
efk;0;0.0;0.0
СЃС‚СЂРµРјР»РµРЅРёРµ Рє РїСЂРѕС„РµСЃСЃРёРѕРЅР°Р»СЊРЅРѕРјСѓ СЂР°Р·РІРёС‚РёСЋ;0;0.0;0.0
astra linux;0;0.0;0.0
СЃРѕР·РґР°РЅРёРµ СЃР°Р№С‚РѕРІ;0;0.0;0.0
СЃС‚Р°Р±РёР»СЊРЅРѕСЃС‚СЊ;0;0.0;0.0
ninja;0;0.0;0.0
РЅР°РІС‹РєРё РјРµР¶Р»РёС‡РЅРѕСЃС‚РЅРѕРіРѕ РѕР±С‰РµРЅРёСЏ;0;0.0;0.0
restful;0;0.0;0.0
gitlabci;0;0.0;0.0
Р»РѕСЏР»СЊРЅРѕСЃС‚СЊ;0;0.0;0.0
РєР°СЂС‚РѕРіСЂР°С„РёСЏ;0;0.0;0.0
presto;95;2982424.242424239;31393.939393939356
minlo;0;0.0;0.0
dry;0;0.0;0.0
РёРЅРґРёРІРёРґСѓР°Р»СЊРЅРѕРµ РѕР±СѓС‡РµРЅРёРµ;0;0.0;0.0
РєРёР±РµСЂРїРѕР»РёРіРѕРЅ;0;0.0;0.0
vue js;0;0.0;0.0
airflow/dagster;0;0.0;0.0
РѕРїС‹С‚РЅС‹Р№ РїРѕР»СЊР·РѕРІР°С‚РµР»СЊ РїРє;0;0.0;0.0
a/b-experiments;0;0.0;0.0
beautifulsoup;0;0.0;0.0
СЂРѕР±РѕС‚РѕС‚РµС…РЅРёРєР°;0;0.0;0.0
СЃ++;0;0.0;0.0
sass;0;0.0;0.0
pyapi;0;0.0;0.0
rubbitmq;0;0.0;0.0
open vino;0;0.0;0.0
microsoft access;0;0.0;0.0
olap (online analytical processing);0;0.0;0.0
СЃР°РјРѕРєСЂРёС‚РёС‡РЅРѕСЃС‚СЊ;0;0.0;0.0
СЃРµСЂРІРµСЂРЅРѕРµ РїСЂРѕРіСЂР°РјРјРёСЂРѕРІР°РЅРёРµ;0;0.0;0.0
РґРµР»РѕРїСЂРѕРёР·РІРѕРґСЃС‚РІРѕ;0;0.0;0.0
РІРЅСѓС‚СЂРµРЅРЅРёРµ РєРѕРјРјСѓРЅРёРєР°С†РёРё;0;0.0;0.0
РґРёСЃС‚Р°РЅС†РёРѕРЅРЅРѕРµ РѕР±СѓС‡РµРЅРёРµ;0;0.0;0.0
СЃР°РјРѕСЃС‚РѕСЏС‚РµР»СЊРЅР°СЏ СЂР°Р±РѕС‚Р°;0;0.0;0.0
squid;0;0.0;0.0
РјР°С‚РµРјР°С‚РёС‡РµСЃРєР°СЏ Р»РѕРіРёРєР°;0;0.0;0.0
vkontakte api;0;0.0;0.0
netbox;0;0.0;0.0
dvs;0;0.0;0.0
tensorrt;0;0.0;0.0
РіРѕС‚РѕРІРЅРѕСЃС‚СЊ РѕР±СѓС‡Р°С‚СЊСЃСЏ;0;0.0;0.0
doker;0;0.0;0.0
visual studio c#;0;0.0;0.0
amazon cloud;0;0.0;0.0
РІС‹РїРѕР»РЅРµРЅРёРµ РїРѕСЃС‚Р°РІР»РµРЅРЅС‹С… Р·Р°РґР°С‡;0;0.0;0.0
scratch;14;301000.0;21500.0
С‚Р°Р№Рј-РјРµРЅРµРґР¶РјРµРЅС‚;0;0.0;0.0
godot;0;0.0;0.0
3d-РіСЂР°С„РёРєР°;0;0.0;0.0
РѕР±СЂР°Р±РѕС‚РєР° РІРёРґРµРѕ;0;0.0;0.0
game;16;862649.9528238308;53915.62205148942
РїРµРґР°РіРѕРіРёРєР°;0;0.0;0.0
СЂР°Р·РіРѕРІРѕСЂРЅС‹Р№ Р°РЅРіР»РёР№СЃРєРёР№;0;0.0;0.0
РґСЂСѓР¶РµР»СЋР±РёРµ;0;0.0;0.0
google api;0;0.0;0.0
Р°РЅРіР»РёР№СЃРєРёР№ - РІ2 - СЃСЂРµРґРЅРµ-РїСЂРѕРґРІРёРЅСѓС‚С‹Р№;0;0.0;0.0
multiprocessing;35;590625.0;16875.0
time management;0;0.0;0.0
2d;0;0.0;0.0
РёРїРѕС‚РµС‡РЅС‹Рµ РєСЂРµРґРёС‚С‹;0;0.0;0.0
mongo;62;1240000.0;20000.0
Р°РґРјРёРЅРёСЃС‚СЂРёСЂРѕРІР°РЅРёРµ СЃР°Р№С‚РѕРІ;0;0.0;0.0
matplotlib;640;16475548.571428578;25743.044642857152
huawei;0;0.0;0.0
asterisk;0;0.0;0.0
kiss;0;0.0;0.0
allure;49;980000.0;20000.0
rabbit mq;0;0.0;0.0
chromium embedded framework;0;0.0;0.0
ms access;0;0.0;0.0
groovy;101;3122499.999999999;30915.841584158406
ssh;0;0.0;0.0
iptables;89;3515833.333333335;39503.74531835208
office;0;0.0;0.0
asp.net;0;0.0;0.0
npm;23;340000.0;14782.608695652174
РїСЂРѕРґРІРёРЅСѓС‚С‹Р№ РїРѕР»СЊР·РѕРІР°С‚РµР»СЊ РїРє;0;0.0;0.0
redmine;0;0.0;0.0
greenplum;0;0.0;0.0
СЂР°Р±РѕС‚Р° СЃ РґРѕРєСѓРјРµРЅС‚Р°С†РёРµР№;0;0.0;0.0
developer;163;4893867.771936919;30023.728662189686
datadog;0;0.0;0.0
container;0;0.0;0.0
zoom;0;0.0;0.0
reackt;0;0.0;0.0
dns;0;0.0;0.0
РІРµРґРµРЅРёРµ РґРѕРєСѓРјРµРЅС‚Р°С†РёРё;0;0.0;0.0
blueprints;0;0.0;0.0
unreal engine 5;0;0.0;0.0
kvm;77;2566666.666666667;33333.333333333336
tools;4;600000.0;150000.0
fronend;0;0.0;0.0
houdini;0;0.0;0.0
unreal engine 4;0;0.0;0.0
teamlead;0;0.0;0.0
РїСЂРёРЅРёРјР°С‚СЊ СЂРµС€РµРЅРёСЏ Рё Р·Р° РёС… СЂРµР·СѓР»СЊС‚Р°С‚С‹ РѕС‚РІРµС‡Р°С‚СЊ СЃР°РјРѕСЃС‚РѕСЏС‚РµР»СЊРЅРѕ;0;0.0;0.0
libreoffice;0;0.0;0.0
apache ignite;0;0.0;0.0
РѕРїС‚РёРјРёР·Р°С†РёСЏ Р±РёР·РЅРµСЃ-РїСЂРѕС†РµСЃСЃРѕРІ;0;0.0;0.0
mathematical analysis;0;0.0;0.0
pipline td;0;0.0;0.0
СЃР°РјРѕРєРѕРЅС‚СЂРѕР»СЊ;0;0.0;0.0
crm bitrix24;0;0.0;0.0
СЃС‚СЂР°С‚РµРіРёС‡РµСЃРєРѕРµ РјС‹С€Р»РµРЅРёРµ;0;0.0;0.0
l3 vpn;0;0.0;0.0
hibernate orm;0;0.0;0.0
firmware;0;0.0;0.0
python, aiohttp, fastapi, trending, linux;0;0.0;0.0
РЅРµС„С‚РµРіР°Р·;0;0.0;0.0
СЃРёСЃС‚РµРјРЅС‹Р№ РїРѕРґС…РѕРґ;0;0.0;0.0
powerbi;81;1012500.0;12500.0
С‚РµСЂРїРёРјРѕСЃС‚СЊ;0;0.0;0.0
udp;0;0.0;0.0
product management;0;0.0;0.0
СЃС‚СЂРµРјР»РµРЅРёРµ Рє РїСЂРѕС„РµСЃСЃРёРѕРЅР°Р»СЊРЅРѕРјСѓ СЂРѕСЃС‚Сѓ;0;0.0;0.0
СЃС…Рґ;0;0.0;0.0
Р±РёР·РЅРµСЃ-Р°РЅР°Р»РёР·;0;0.0;0.0
elt;80;11575000.0;144687.5
django rest api;0;0.0;0.0
pentaho;0;0.0;0.0
pentest;0;0.0;0.0
onnx;0;0.0;0.0
РєРѕРјР°РЅРґРЅР°СЏ СЂР°Р±РѕС‚Р°;0;0.0;0.0
intelligent geospatial services;0;0.0;0.0
json-rpc;0;0.0;0.0
ibm mq;0;0.0;0.0
СѓРјРµРЅРёРµ РїР»Р°РЅРёСЂРѕРІР°С‚СЊ;0;0.0;0.0
cg prodaction;0;0.0;0.0
СЂР°Р·СЂР°Р±РѕС‚С‡РёРє;0;0.0;0.0
wpf;0;0.0;0.0
team management;0;0.0;0.0
replication graph;0;0.0;0.0
dq;0;0.0;0.0
bs4;57;570000.0;10000.0
bigdata;0;0.0;0.0
СЂР°Р±РѕС‚Р° СЃ РєРѕРјРїСЊСЋС‚РµСЂРѕРј;0;0.0;0.0
adobe illustrator;0;0.0;0.0
mac software;0;0.0;0.0
sentry apm;0;0.0;0.0
delphi;0;0.0;0.0
РєРѕРЅРєСѓСЂРµРЅС‚РЅР°СЏ СЂР°Р·РІРµРґРєР°;0;0.0;0.0
1СЃ: СѓРїСЂР°РІР»РµРЅРёРµ РїСЂРµРґРїСЂРёСЏС‚РёРµРј;0;0.0;0.0
teradata;0;0.0;0.0
ffmpeg;24;1440000.0;60000.0
С‚РµС…РЅРёС‡РµСЃРєРёР№ Р°РЅРіР»РёР№СЃРєРёР№;0;0.0;0.0
РєРѕРЅС‚СЂРѕР»СЊ РёСЃРїРѕР»РЅРµРЅРёСЏ СЂРµС€РµРЅРёР№;0;0.0;0.0
РєРѕРјРјСѓРЅРёРєР°Р±РµР»СЊРЅРѕСЃС‚СЊ;0;0.0;0.0
1СЃ: СѓРїСЂР°РІР»РµРЅРёРµ С‚РѕСЂРіРѕРІР»РµР№;0;0.0;0.0
РЅР°СЃС‚СЂРѕР№РєР° СЃРµС‚РµРІС‹С… РїРѕРґРєР»СЋС‡РµРЅРёР№;0;0.0;0.0
РєРѕРјРјСѓРЅРёРєР°С†РёСЏ;0;0.0;0.0
ci\cd;0;0.0;0.0
aaa project;0;0.0;0.0
sql alchemy;0;0.0;0.0
СЂР°Р±РѕС‚Р° СЃ Р»СЋРґСЊРјРё;0;0.0;0.0
artifactory;36;109125.0;3031.25
vuetify 3 + nuxt 3;0;0.0;0.0
Р°РґРјРёРЅРёСЃС‚СЂР°С‚РёРІРЅР°СЏ РїРѕРґРґРµСЂР¶РєР° СЂСѓРєРѕРІРѕРґРёС‚РµР»СЏ;0;0.0;0.0
celery, redis;0;0.0;0.0
СѓРјРµРЅРёРµ РёР·СѓС‡Р°С‚СЊ;0;0.0;0.0
Р°РІС‚РѕС‚РµСЃС‚С‹;0;0.0;0.0
ext js;0;0.0;0.0
software design patterns;0;0.0;0.0
mac os;0;0.0;0.0
pyqt5;0;0.0;0.0
business strategy;0;0.0;0.0
РѕСЂРіР°РЅРёР·Р°С†РёСЏ СЂР°Р±РѕС‡РёС… РјРµСЃС‚;0;0.0;0.0
apache;75;1050000.0;14000.0
logging;0;0.0;0.0
СЂР°Р·СЂР°Р±РѕС‚РєР°;0;0.0;0.0
computational geometry;0;0.0;0.0
spring;0;0.0;0.0
mathematical programming;0;0.0;0.0
СѓРїСЂР°РІР»РµРЅРёРµ РїСЂРѕС†РµСЃСЃР°РјРё;0;0.0;0.0
РїСЂРѕРІРµРґРµРЅРёРµ РїСЂРµР·РµРЅС‚Р°С†РёР№;0;0.0;0.0
РЅР°РІС‹РєРё РїСѓР±Р»РёС‡РЅС‹С… РІС‹СЃС‚СѓРїР»РµРЅРёР№;0;0.0;0.0
maxpatrol;0;0.0;0.0
oauth;0;0.0;0.0
informix;0;0.0;0.0
graphite;0;0.0;0.0
Р±Р°Р·РѕРІС‹Рµ Р·РЅР°РЅРёСЏ sql;0;0.0;0.0
solidity;0;0.0;0.0
РІРёР·СѓР°Р»РёР·Р°С†РёСЏ РґР°РЅРЅС‹С…;0;0.0;0.0
СѓРјРµРЅРёРµ СЂР°СЃСЃС‚Р°РІР»СЏС‚СЊ РїСЂРёРѕСЂРёС‚РµС‚С‹;0;0.0;0.0
Р°СЂС…РёС‚РµРєС‚СѓСЂР°;0;0.0;0.0
РІРµР±-РґРёР·Р°Р№РЅ;0;0.0;0.0
РїРѕРґРіРѕС‚РѕРІРєР° РїСЂРµР·РµРЅС‚Р°С†РёР№;0;0.0;0.0
acl;1016;44685144.04761904;43981.44099175102
google sheets;0;0.0;0.0
dax;0;0.0;0.0
flack;0;0.0;0.0
phpmyadmin;0;0.0;0.0
ms windows;0;0.0;0.0
РґРѕР±СЂРѕСЃРѕРІРµСЃС‚РЅРѕСЃС‚СЊ;0;0.0;0.0
itsm;0;0.0;0.0
devsecops;0;0.0;0.0
СѓСЃС‚РѕР№С‡РёРІРѕСЃС‚СЊ Рє СЃС‚СЂРµСЃСЃР°Рј;0;0.0;0.0
wordpress;0;0.0;0.0
С‚РµРѕСЂРёСЏ С‚РµСЃС‚РёСЂРѕРІР°РЅРёСЏ;0;0.0;0.0
РјРµРЅРµРґР¶РјРµРЅС‚;0;0.0;0.0
amazon;0;0.0;0.0
multithread programming;0;0.0;0.0
django-rest;0;0.0;0.0
РіРёР±РєРѕСЃС‚СЊ;0;0.0;0.0
cockroachdb;0;0.0;0.0
sql server;0;0.0;0.0
python 3.7;0;0.0;0.0
pyhton;0;0.0;0.0
yandex cloud;0;0.0;0.0
backbone;0;0.0;0.0
channels;0;0.0;0.0
composer;0;0.0;0.0
posgressql;0;0.0;0.0
postman;49;980000.0;20000.0
rpm;27;1451250.0;53750.0
rstudio;0;0.0;0.0
slack;0;0.0;0.0
snowflake;0;0.0;0.0
sqlachemy;0;0.0;0.0
sql Р·Р°РїСЂРѕСЃС‹;0;0.0;0.0
tfs;0;0.0;0.0
typing skills;0;0.0;0.0
uvicorn;0;0.0;0.0
vue-router;0;0.0;0.0
yandex maps api;0;0.0;0.0
РІС‹СЃС€РµРµ РѕР±СЂР°Р·РѕРІР°РЅРёРµ;0;0.0;0.0
Р¶РµР»Р°РЅРёРµ СѓС‡РёС‚СЊСЃСЏ;0;0.0;0.0
Р»РёРЅРµР№РЅР°СЏ Р°Р»РіРµР±СЂР°;0;0.0;0.0
РїСЂРѕРІРµРґРµРЅРёРµ СЃРµРјРёРЅР°СЂРѕРІ;0;0.0;0.0
nxgin;0;0.0;0.0
virtualization;0;0.0;0.0
qa automation;0;0.0;0.0
php7;0;0.0;0.0
РїРѕРёСЃРєРѕРІС‹Рµ СЃРёСЃС‚РµРјС‹;0;0.0;0.0
РёСЃРєСѓСЃСЃС‚РІРµРЅРЅС‹Р№ РёРЅС‚РµР»Р»РµРєС‚;0;0.0;0.0
htmx;0;0.0;0.0
РєСЂРёС‚РёС‡РµСЃРєРѕРµ РјС‹С€Р»РµРЅРёРµ;0;0.0;0.0
https;0;0.0;0.0
microsoft visual studio;0;0.0;0.0
yagni;0;0.0;0.0
РѕР±СЏР·Р°С‚РµР»СЊРЅРѕСЃС‚СЊ;0;0.0;0.0
РёРјРёС‚Р°С†РёРѕРЅРЅРѕРµ РјРѕРґРµР»РёСЂРѕРІР°РЅРёРµ;0;0.0;0.0
СЂР°Р±РѕС‚Р°С‚СЊ;0;0.0;0.0
informatica data qualit;0;0.0;0.0
СЃelery;0;0.0;0.0
РїСЂРѕС„РµСЃСЃРёРѕРЅР°Р»СЊРЅС‹Р№ РїРѕР»СЊР·РѕРІР°С‚РµР»СЊ РїРє;0;0.0;0.0
web СЂР°Р·СЂР°Р±РѕС‚РєР°;0;0.0;0.0
СЃС‚Р°СЂС€РёР№ (senior);0;0.0;0.0
koalas;0;0.0;0.0
1СЃ: С‚РѕСЂРіРѕРІР»СЏ;0;0.0;0.0
Р°РІС‚РѕРјР°С‚РёР·Р°С†РёСЏ РјРµРґРёС†РёРЅСЃРєРёС… РїСЂРѕС†РµСЃСЃРѕРІ;0;0.0;0.0
powercurve;0;0.0;0.0
СЂР°Р·СЂР°Р±РѕС‚РєР° cms;0;0.0;0.0
СѓРјРµРЅРёРµ СЌС„С„РµРєС‚РёРІРЅРѕ СЂР°Р±РѕС‚Р°С‚СЊ РІ РєРѕРјР°РЅРґРµ;0;0.0;0.0
СЏРЅРґРµРєСЃ.РѕР±Р»Р°РєРѕ;0;0.0;0.0
fico;0;0.0;0.0
СЃРёСЃС‚РµРјС‹ РІРёРґРµРѕРЅР°Р±Р»СЋРґРµРЅРёСЏ;0;0.0;0.0
ms power bi;0;0.0;0.0
dbms;0;0.0;0.0
fastap;596;11356962.375859456;19055.305999764187
С„СЂРµР№РјРІРѕСЂРєРё;0;0.0;0.0
grafana/telegraf;0;0.0;0.0
gpgpu;0;0.0;0.0
dl;1142;64940583.333333395;56865.65966141278
dockerfile;0;0.0;0.0
erp systems;0;0.0;0.0
СЂР°Р·СЂР°Р±РѕС‚РєР° СЃС‚СЂР°С‚РµРіРёР№ РїСЂРёРЅСЏС‚РёСЏ СЂРµС€РµРЅРёР№;0;0.0;0.0
amqp;73;3923750.0;53750.0
nexus;126;2307272.727272723;18311.68831168828
jinja2;0;0.0;0.0
1СЃ: СЂРѕР·РЅРёС†Р°;0;0.0;0.0
С‚РµС…РЅРѕР»РѕРіРёРё СЂР°Р·СЂР°Р±РѕС‚РєРё РїРѕ РЅР° СЏР·С‹РєРµ python;0;0.0;0.0
es6;0;0.0;0.0
dramatiq;0;0.0;0.0
yii2;0;0.0;0.0
billing;0;0.0;0.0
РѕСЂРіР°РЅРёР·Р°С†РёСЏ СЂР°Р±РѕС‡РµРіРѕ РїСЂРѕС†РµСЃСЃР°;0;0.0;0.0
СЂР°Р·СЂР°Р±РѕС‚РєР° РјРѕР±РёР»СЊРЅС‹С… РїСЂРёР»РѕР¶РµРЅРёР№;0;0.0;0.0
airlow;0;0.0;0.0
iot;0;0.0;0.0
c++17;0;0.0;0.0
alt linux;0;0.0;0.0
rpa;0;0.0;0.0
РІРѕРІР»РµС‡РµРЅРЅРѕСЃС‚СЊ;0;0.0;0.0
ms visual studio;0;0.0;0.0
dart;0;0.0;0.0
seo;0;0.0;0.0
consumer goods;0;0.0;0.0
unittest;135;1725000.0;12777.777777777777
flask-restful;0;0.0;0.0
full stack;0;0.0;0.0
СЂР°Р±РѕС‚Р° РІ РєРѕР»Р»РµРєС‚РёРІРµ;0;0.0;0.0
РёРЅР¶РµРЅРµСЂ;0;0.0;0.0
siem;0;0.0;0.0
РјРѕРґРµР»РёСЂРѕРІР°РЅРёРµ;0;0.0;0.0
ldap;0;0.0;0.0
С„РёР»СЊС‚СЂ С‡Р°СЃС‚РёС†;0;0.0;0.0
РјРѕРґСѓР»СЊРЅРѕРµ С‚РµСЃС‚РёСЂРѕРІР°РЅРёРµ;0;0.0;0.0
СЃСЂРµРґСЃС‚РІР° РєСЂРёРїС‚РѕРіСЂР°С„РёС‡РµСЃРєРѕР№ Р·Р°С‰РёС‚С‹ РёРЅС„РѕСЂРјР°С†РёРё;0;0.0;0.0
С‚РµСЃС‚РёСЂРѕРІР°РЅРёРµ РїРѕР»СЊР·РѕРІР°С‚РµР»СЊСЃРєРѕРіРѕ РёРЅС‚РµСЂС„РµР№СЃР°;0;0.0;0.0
clean code;0;0.0;0.0
РѕР±СѓС‡Р°РµРјС‹Р№;0;0.0;0.0
С‚РІРѕСЂС‡РµСЃС‚РІРѕ;0;0.0;0.0
СЃРёСЃС‚РµРјРЅРѕСЃС‚СЊ;0;0.0;0.0
Р°РІС‚РѕРјР°С‚РёР·Р°С†РёСЏ;0;0.0;0.0
pywebview;0;0.0;0.0
qwebkit;0;0.0;0.0
parsing;0;0.0;0.0
continuous integration / continious delivery;0;0.0;0.0
aggregate;0;0.0;0.0
РјР°СЂРєРµС‚РїР»РµР№СЃ;0;0.0;0.0
leadership skills;0;0.0;0.0
network;0;0.0;0.0
СЂР°Р±РѕС‚Р°С‚СЊ РІ РєРѕРјР°РЅРґРµ;0;0.0;0.0
РЅР°СЃС‚СЂРѕР№РєР° РїРѕ;0;0.0;0.0
apache maven;0;0.0;0.0
СЂР°РґРёРѕСЃРёРіРЅР°Р»С‹;0;0.0;0.0
СѓРјРµРЅРёРµ РѕСЂРіР°РЅРёР·РѕРІР°С‚СЊ СЂР°Р±РѕС‚Сѓ;0;0.0;0.0
prefect;0;0.0;0.0
piramid framework;0;0.0;0.0
git flow;0;0.0;0.0
pinia;0;0.0;0.0
vue3;0;0.0;0.0
data structure;0;0.0;0.0
ux;9198;799282459.7690984;86897.41897902788
vuex;15;403125.0;26875.0
message queue;0;0.0;0.0
РёСЃРїРѕР»РЅРёС‚РµР»СЊРЅРѕСЃС‚СЊ;0;0.0;0.0
РЅР°РІС‹РєРё РїСЂРµР·РµРЅС‚Р°С†РёРё;0;0.0;0.0
Р·РЅР°РЅРёРµ Р°РЅРіР»РёР№СЃРєРѕРіРѕ;0;0.0;0.0
РЅР°СЃС‚СЂРѕР№РєР° vps/vds СЃРµСЂРІРµСЂРѕРІ;0;0.0;0.0
gitflow;0;0.0;0.0
twisted;0;0.0;0.0
naumen;0;0.0;0.0
cherrypy;0;0.0;0.0
linux bash;0;0.0;0.0
С‚РµС…РЅРѕР»РѕРі;0;0.0;0.0
junit;0;0.0;0.0
etcd;0;0.0;0.0
firebase;0;0.0;0.0
php5;0;0.0;0.0
nltk;226;7878333.333333308;34859.88200589959
decentralized finance;0;0.0;0.0
yaml;12;210000.0;17500.0
РїСЂРѕРІРµРґРµРЅРёРµ РѕРїСЂРѕСЃРѕРІ РєР»РёРµРЅС‚РѕРІ;0;0.0;0.0
performance reviews;0;0.0;0.0
Р±СЌРј;0;0.0;0.0
С‚СЂРµР№РґРёРЅРі;0;0.0;0.0
ngnix;0;0.0;0.0
gamedev;16;862649.9528238308;53915.62205148942
РєРѕРјРјСѓРЅРёРєР°Р±РёР»СЊРЅРѕСЃС‚СЊ;0;0.0;0.0
typing;0;0.0;0.0
cpu;0;0.0;0.0
extjs;30;1455721.795390214;48524.05984634047
video;0;0.0;0.0
smarty;0;0.0;0.0
twig;0;0.0;0.0
python/django;0;0.0;0.0
ide;201;10208333.33333333;50787.72802653398
vlan;0;0.0;0.0
data lake;0;0.0;0.0
pyarrow;0;0.0;0.0
artemis;0;0.0;0.0
spark api;0;0.0;0.0
yandex.cloud;0;0.0;0.0
СЃРёСЃС‚РµРјР° РєРѕРЅС‚СЂРѕР»СЏ РІРµСЂСЃРёР№;0;0.0;0.0
СЃРёСЃС‚РµРјРЅР°СЏ РёРЅС‚РµРіСЂР°С†РёСЏ;0;0.0;0.0
mongo db;0;0.0;0.0
СЃРѕР±РµСЃРµРґРѕРІР°РЅРёРµ;0;0.0;0.0
СЃРѕР±Р»СЋРґРµРЅРёРµ СЃСЂРѕРєРѕРІ;0;0.0;0.0
СЋСЂРёСЃРїСЂСѓРґРµРЅС†РёСЏ;0;0.0;0.0
СЃС‚СЂРµРјР»РµРЅРёРµ СЂР°Р·РІРёРІР°С‚СЊСЃСЏ;0;0.0;0.0
СЃС‚СЂРёРјРёРЅРі РїР»Р°С‚С„РѕСЂРјС‹;0;0.0;0.0
aioredis;0;0.0;0.0
С‚РµС…РЅРёС‡РµСЃРєР°СЏ РїРѕРґРґРµСЂР¶РєР°;0;0.0;0.0
aio_pica;0;0.0;0.0
shell;1284;53320881.46409798;41527.16624929749
jython;0;0.0;0.0
keycloak;0;0.0;0.0
hyperopt;0;0.0;0.0
compose;260;10591066.666666672;40734.87179487181
Р·РЅР°РЅРёРµ РєРѕРјРїСЊСЋС‚РµСЂРЅС‹С… РїСЂРѕРіСЂР°РјРј;0;0.0;0.0
РёСЃРїРѕР»РЅРµРЅРёРµ РїРѕСЂСѓС‡РµРЅРёР№ СЂСѓРєРѕРІРѕРґРёС‚РµР»СЏ;0;0.0;0.0
РєР°С‡РµСЃС‚РІРµРЅРЅС‹Р№ РєРѕРґ;0;0.0;0.0
РєРѕРјРјРµСЂС‡РµСЃРєР°СЏ СЂР°Р·СЂР°Р±РѕС‚РєР°;0;0.0;0.0
РєРѕРЅСЃСѓР»СЊС‚РёСЂРѕРІР°РЅРёРµ;0;0.0;0.0
РїСЂРѕРµРєС‚РёСЂРѕРІР°РЅРёРµ ha/hl СЃРёСЃС‚РµРј;0;0.0;0.0
chromium;0;0.0;0.0
РєСЂРµРґРёС‚РЅС‹Рµ СЂРёСЃРєРё;0;0.0;0.0
camunda;0;0.0;0.0
java С‡С‚РµРЅРёРµ РєРѕРґР°;0;0.0;0.0
buildbot;0;0.0;0.0
build;39;2669005.9352719383;68436.04962235739
РЅР°СЃС‚СЂРѕР№РєР° СЃРµСЂРІРµСЂРѕРІ;0;0.0;0.0
РѕР±СѓС‡Р°РµРјРѕСЃС‚СЊ;0;0.0;0.0
vcs;0;0.0;0.0
bitrix;0;0.0;0.0
РѕРїСЂСЏС‚РЅРѕСЃС‚СЊ;0;0.0;0.0
bim;0;0.0;0.0
vite;0;0.0;0.0
beautiful soup;0;0.0;0.0
РѕС‚РІРµС‚СЃС‚РІРµРЅРЅС‹Р№ РїРѕРґС…РѕРґ Рє СЂР°Р±РѕС‚Рµ;0;0.0;0.0
РѕС‚Р»РёС‡РЅРѕРµ Р·РЅР°РЅРёРµ РїРє;0;0.0;0.0
РїР°СЂСѓСЃ;0;0.0;0.0
РїРѕРёСЃРє РёРЅС„РѕСЂРјР°С†РёРё РІ РёРЅС‚РµСЂРЅРµС‚;0;0.0;0.0
СѓРґР°Р»РµРЅРЅРѕ;0;0.0;0.0
СѓРјРµРЅРёРµ Р°РЅР°Р»РёР·РёСЂРѕРІР°С‚СЊ;0;0.0;0.0
aio-http;0;0.0;0.0
aiohttp, sanic, fastapi, starlette, django, flask, etc;0;0.0;0.0
no-sql;0;0.0;0.0
РїРѕСЃС‚СЂРѕРµРЅРёРµ РєРѕРјР°РЅРґС‹;0;0.0;0.0
reddis;0;0.0;0.0
stripe;0;0.0;0.0
cryptocurrency;0;0.0;0.0
СЌС„С„РµРєС‚РёРІРЅРѕСЃС‚СЊ;0;0.0;0.0
luigi;0;0.0;0.0
python 3.6;0;0.0;0.0
РѕСЃ linux;0;0.0;0.0
РїРѕСЃС‚СЂРѕРµРЅРёРµ Р°СЂС…РёС‚РµРєС‚СѓСЂС‹;0;0.0;0.0
google chrome;0;0.0;0.0
kerastase;0;0.0;0.0
network development;0;0.0;0.0
apache spark;0;0.0;0.0
glide;0;0.0;0.0
wso2 stream processor;0;0.0;0.0
РјРѕС‚РёРІРёСЂРѕРІР°РЅРЅРѕСЃС‚СЊ РЅР° СЂРµР·СѓР»СЊС‚Р°С‚ РѕР±СѓС‡РµРЅРёСЏ;0;0.0;0.0
СЂСѓРєРѕРІРѕРґСЃС‚РІРѕ Р»СЋРґСЊРјРё;0;0.0;0.0
google С‚Р°Р±Р»РёС†С‹;0;0.0;0.0
fasapi;0;0.0;0.0
wagtail;0;0.0;0.0
РєРѕРјР°РЅРґРЅС‹Р№ РёРіСЂРѕРє;0;0.0;0.0
codereview;0;0.0;0.0
active directory;0;0.0;0.0
РѕС†РµРЅРєР° РєР°РЅРґРёРґР°С‚РѕРІ;0;0.0;0.0
ssg;0;0.0;0.0
django 2, drf;0;0.0;0.0
pipenv;0;0.0;0.0
portainer;74;863333.3333333326;11666.666666666657
debezium;0;0.0;0.0
python 3,;0;0.0;0.0
python unittest;0;0.0;0.0
react js;0;0.0;0.0
git django;0;0.0;0.0
senior;252;12034115.909090897;47754.42821067816
snmp;0;0.0;0.0
datavault;0;0.0;0.0
business intelligence systems;0;0.0;0.0
soa/msa;0;0.0;0.0
socket programming;0;0.0;0.0
express.js;0;0.0;0.0
frontend api;0;0.0;0.0
scrappy;0;0.0;0.0
math;0;0.0;0.0
nixos;0;0.0;0.0
СЏРЅРґРµРєСЃ.РїРѕРёСЃРє;0;0.0;0.0
open source;36;249428.57142857133;6928.571428571426
С‚РµР»РµРіСЂР°Рј Р±РѕС‚;0;0.0;0.0
latex;0;0.0;0.0
sdlc;0;0.0;0.0
sip;0;0.0;0.0
postgresql/postgresql pro;0;0.0;0.0
РІС‹СЃРѕРєР°СЏ СЃРєРѕСЂРѕСЃС‚СЊ СЂР°Р±РѕС‚С‹;0;0.0;0.0
knime;0;0.0;0.0
ibm unica;0;0.0;0.0
redis-om;0;0.0;0.0
api docker;0;0.0;0.0
apigateway server;0;0.0;0.0
siddhi;0;0.0;0.0
РѕР±Р»Р°С‡РЅС‹Рµ СЃРµСЂРІРёСЃС‹;0;0.0;0.0
РїРѕСЃС‚СЂРѕРµРЅРёРµ РјРѕРґСѓР»СЊРЅС‹С… РїСЂРёР»РѕР¶РµРЅРёР№;0;0.0;0.0
РѕРїС‹С‚ team lead;0;0.0;0.0
python 3.8;0;0.0;0.0
elixir;0;0.0;0.0
dynamodb;0;0.0;0.0
pymorphy;226;7878333.333333308;34859.88200589959
temporal.io;0;0.0;0.0
python 3, fastapi, postgresql;0;0.0;0.0
nlp/nlu;0;0.0;0.0
Р±РµР·РѕРїР°СЃРЅРѕСЃС‚СЊ;0;0.0;0.0
googletest;0;0.0;0.0
g-РєРѕРґ;0;0.0;0.0
wsgi;96;3978000.0;41437.5
djangorestframework;156;3657142.8571428536;23443.22344322342
СЃРїРѕСЂС‚;0;0.0;0.0
reinforcement learning;0;0.0;0.0
sensor fusion (kalman filter);0;0.0;0.0
java virtual machine;0;0.0;0.0
docker/openshift;0;0.0;0.0
e-commerce;10;300000.0;30000.0
flask/django;0;0.0;0.0
sox;0;0.0;0.0
СЃРµС‚РµРІРѕР№ РїСЂРѕС‚РѕРєРѕР»;0;0.0;0.0
suffix tree;0;0.0;0.0
microsoft;0;0.0;0.0
С„РёРЅР°РЅСЃРѕРІР°СЏ РѕС‚С‡РµС‚РЅРѕСЃС‚СЊ;0;0.0;0.0
java scipt;0;0.0;0.0
СЃРµСЂРІРµСЂРЅР°СЏ СЂР°Р·СЂР°Р±РѕС‚РєР°;0;0.0;0.0
РѕР±РµСЃРїРµС‡РµРЅРёРµ Р¶РёР·РЅРµРґРµСЏС‚РµР»СЊРЅРѕСЃС‚Рё РѕС„РёСЃР°;0;0.0;0.0
bitrix24;0;0.0;0.0
.net;31;568333.3333333333;18333.333333333332
pandas, numpy, xgboost,;0;0.0;0.0
forex;0;0.0;0.0
СѓРјРµРЅРёРµ РґРѕР±РёРІР°С‚СЊСЃСЏ РїРѕСЃС‚Р°РІР»РµРЅРЅС‹С… С†РµР»РµР№;0;0.0;0.0
middle;872;57934333.333333306;66438.45565749232
qlick view;0;0.0;0.0
virtualenv;0;0.0;0.0
vr;20;2666666.6666666665;133333.3333333333
gnu;0;0.0;0.0
mqtt;0;0.0;0.0
СЃР°РјРѕСЃС‚РѕСЏС‚РµР»СЊРЅРѕСЃС‚СЊ;0;0.0;0.0
xpath;0;0.0;0.0
conan;36;3000000.000000001;83333.33333333336
РјРёРєСЂРѕ-СЃРµСЂРІРёСЃРЅР°СЏ Р°СЂС…РёС‚РµРєС‚СѓСЂР°;0;0.0;0.0
РѕР±СЂР°Р±РѕС‚РєР° РёР·РѕР±СЂР°Р¶РµРЅРёР№;0;0.0;0.0
material ui;0;0.0;0.0
minio latest;0;0.0;0.0
gstreamer;0;0.0;0.0
nginx js,;0;0.0;0.0
olap;0;0.0;0.0
gnss;0;0.0;0.0
1СЃ: РїСЂРµРґРїСЂРёСЏС‚РёРµ;0;0.0;0.0
1c: РїСЂРµРґРїСЂРёСЏС‚РёРµ;0;0.0;0.0
elasticksearch;0;0.0;0.0
docker РєРѕРЅС‚РµР№РЅРµСЂС‹;0;0.0;0.0
dockercompose;0;0.0;0.0
sse;296;24363703.655314546;82309.80964633293
start-up project;0;0.0;0.0
django framewor;0;0.0;0.0
strawberry;0;0.0;0.0
superset;0;0.0;0.0
django 3;0;0.0;0.0
telegrambotapi;0;0.0;0.0
c/СЃ++;0;0.0;0.0
crypto;0;0.0;0.0
web-РїСЂРѕРµРєС‚С‹;0;0.0;0.0
xgboost;269;5267083.333333332;19580.235439900862
xslt;0;0.0;0.0
Р°РґРјРёРЅРёСЃС‚СЂРёСЂРѕРІР°РЅРёРµ;0;0.0;0.0
Р°РЅР°Р»РёР· Р±РёР·РЅРµСЃ РїРѕРєР°Р·Р°С‚РµР»РµР№;0;0.0;0.0
Р°РЅР°Р»РёС‚РёС‡РµСЃРєРёРµ РЅР°РІС‹РєРё;0;0.0;0.0
Р°СЂС…РёС‚РµРєС‚СѓСЂР° РїСЂРёР»РѕР¶РµРЅРёР№;0;0.0;0.0
РІРµРґРµРЅРёРµ РїСЂРѕРµРєС‚РѕРІ;0;0.0;0.0
Р¶РµР»Р°РЅРёРµ СЂР°СЃС‚Рё Рё СЂР°Р·РІРёРІР°С‚СЊСЃСЏ;0;0.0;0.0
Р·РЅР°РЅРёРµ excel;0;0.0;0.0
Р·РЅР°РЅРёРµ web-С„СЂРµР№РјРІРѕСЂРєРѕРІ РІ python (Р»СЋР±С‹С…);0;0.0;0.0
СЌР»РµРєС‚СЂРѕРЅРёРєР°;0;0.0;0.0
1СЃ-Р±РёС‚СЂРёРєСЃ;0;0.0;0.0
application server django;0;0.0;0.0
apollo;0;0.0;0.0
apache nifi;0;0.0;0.0
РїСЂРѕРіРЅРѕР·РёСЂРѕРІР°РЅРёРµ;0;0.0;0.0
apache2;0;0.0;0.0
angular 1-13;0;0.0;0.0
СЃРµС‚РµРІР°СЏ Р±РµР·РѕРїР°СЃРЅРѕСЃС‚СЊ;0;0.0;0.0
jatoba (postgresql);0;0.0;0.0
web scraping;0;0.0;0.0
Р°РІС‚РѕРїРёР»РѕС‚РёСЂРѕРІР°РЅРёРµ;0;0.0;0.0
cloud;29;1160000.0;40000.0
Р·РЅР°РЅРёРµ РѕСЃРЅРѕРІРЅС‹С… РЅРµР№СЂРѕСЃРµС‚РµРІС‹С… Р°СЂС…РёС‚РµРєС‚СѓСЂ;0;0.0;0.0
РєРѕРјРјСѓРЅРёРєР°Р±РµР»СЊРЅРѕСЃС‚СЊ, РѕС‚РІРµС‚СЃС‚РІРµРЅРЅРѕСЃС‚СЊ;0;0.0;0.0
mlflow;0;0.0;0.0
РјРЅРѕРіРѕРїРѕС‚РѕС‡РЅС‹Рµ РїСЂРёР»РѕР¶РµРЅРёСЏ;0;0.0;0.0
РјРѕРґРµР»СЊ osi;0;0.0;0.0
godep;0;0.0;0.0
ds;185;9465714.285714293;51166.0231660232
spring boot;0;0.0;0.0
СЂР°Р±РѕС‚Р° СЃ СЃРёСЃС‚РµРјР°РјРё Р°РЅР°Р»РёС‚РёРєРё;0;0.0;0.0
django-admin;0;0.0;0.0
rancher;0;0.0;0.0
unit С‚РµСЃС‚РёСЂРѕРІР°РЅРёРµ;0;0.0;0.0
unit-С‚РµСЃС‚С‹;0;0.0;0.0
vendoring;0;0.0;0.0
СЃРѕС†РёР°Р»СЊРЅС‹Рµ СЃРµС‚Рё;0;0.0;0.0
ms paint;0;0.0;0.0
pygame;0;0.0;0.0
grpc/protobuf;0;0.0;0.0
thread;312;4461580.882352934;14299.938725490174
splash;0;0.0;0.0
СЌРЅРµСЂРіРёС‡РЅРѕСЃС‚СЊ;0;0.0;0.0
rq;102;3145125.0;30834.558823529413
cpython;0;0.0;0.0
ci/di;0;0.0;0.0
В«django frameworkВ», В«sqlВ», В«vueВ»;0;0.0;0.0
bigquery;0;0.0;0.0
СЃРёСЃС‚РµРјС‹ РєРѕРЅС‚СЂРѕР»СЏ РІРµСЂСЃРёР№;0;0.0;0.0
message brokers;0;0.0;0.0
dnn;0;0.0;0.0
smart contract;0;0.0;0.0
nft;0;0.0;0.0
electron.js;0;0.0;0.0
maria db;0;0.0;0.0
nat;17;1303333.3333333333;76666.66666666666
facebook api;0;0.0;0.0
СЂРµС„Р°РєС‚РѕСЂРёРЅРі;0;0.0;0.0
РёСЃРїРѕР»РЅРµРЅРёРµ Р»РёС‡РЅС‹С… РїРѕСЂСѓС‡РµРЅРёР№ СЂСѓРєРѕРІРѕРґРёС‚РµР»СЏ;0;0.0;0.0
mapreduce;0;0.0;0.0
postgree;0;0.0;0.0
pymystem;0;0.0;0.0
ts;1252;53545264.808033854;42767.78339299829
oracle bi;0;0.0;0.0
Р·Р°РёРЅС‚РµСЂРµСЃРѕРІР°РЅРЅРѕСЃС‚СЊ;0;0.0;0.0
gnu c++;0;0.0;0.0
autodesk revit;0;0.0;0.0
oracle db;0;0.0;0.0
computervision;0;0.0;0.0
apache superset;0;0.0;0.0
traefik;0;0.0;0.0
С‚РѕСЂРіРѕРІР°СЏ РїР»РѕС‰Р°РґРєР°;0;0.0;0.0
СѓРјРµРЅРёРµ СЂР°Р±РѕС‚Р°С‚СЊ СЃР°РјРѕСЃС‚РѕСЏС‚РµР»СЊРЅРѕ;0;0.0;0.0
РєРѕСЂРїРѕСЂР°С‚РёРІРЅР°СЏ СЌС‚РёРєР°;0;0.0;0.0
hbase;0;0.0;0.0
kerberos;0;0.0;0.0
imu;101;18959333.333333336;187716.17161716174
web-СЂР°Р·СЂР°Р±РѕС‚РєР°;0;0.0;0.0
РїСЂРѕРјС‹С€Р»РµРЅРЅС‹Рµ СЂРѕР±РѕС‚С‹;0;0.0;0.0
СЃС‚СЂРµРјР»РµРЅРёРµ Рє РєР°СЂСЊРµСЂРЅРѕРјСѓ СЂРѕСЃС‚Сѓ;0;0.0;0.0
spacy;0;0.0;0.0
whatsapp;0;0.0;0.0
streaming;0;0.0;0.0
domain driven design;0;0.0;0.0
РёРЅС„РѕСЂРјР°С†РёРѕРЅРЅР°СЏ СЃРёСЃС‚РµРјР°;0;0.0;0.0
redis (memcached);0;0.0;0.0
ibm spss;0;0.0;0.0
СѓРїСЂР°РІР»РµРЅС‡РµСЃРєР°СЏ РѕС‚С‡РµС‚РЅРѕСЃС‚СЊ;0;0.0;0.0
pyramyd;0;0.0;0.0
С‚РµР»РµРјРµС‚СЂРёСЏ;0;0.0;0.0
wxpython;0;0.0;0.0
РѕСЃ windows;0;0.0;0.0
bpml;0;0.0;0.0
lxml;0;0.0;0.0
s3;126;2307272.727272723;18311.68831168828
pyside2;0;0.0;0.0
front;278;14325757.575757582;51531.50207107044
web services;0;0.0;0.0
leadership development;0;0.0;0.0
kinesis;0;0.0;0.0
threading;223;3021875.0;13551.008968609865
РёРґРµР№РЅРѕСЃС‚СЊ;0;0.0;0.0
backend python;0;0.0;0.0
modbus;0;0.0;0.0
РїСЂРёРµРј РїРѕСЃРµС‚РёС‚РµР»РµР№;0;0.0;0.0
nodejs;32;554090.909090909;17315.340909090904
РјСѓР·С‹РєР°;0;0.0;0.0
РѕР±СѓС‡РµРЅРёРµ РїРµСЂСЃРѕРЅР°Р»Р°;0;0.0;0.0
РјРѕС‚РёРІР°С†РёСЏ;0;0.0;0.0
python django;0;0.0;0.0
РёРЅС‚РµРіСЂР°С†РёРѕРЅРЅРѕРµ С‚РµСЃС‚РёСЂРѕРІР°РЅРёРµ;0;0.0;0.0
django git;0;0.0;0.0
Р°РЅР°Р»РёР· СЂС‹РЅРєР°;0;0.0;0.0
http proxy;0;0.0;0.0
СѓРїСЂР°РІР»РµРЅРёРµ СЂРёСЃРєР°РјРё;0;0.0;0.0
РѕС„РѕСЂРјР»РµРЅРёРµ РґРѕРєСѓРјРµРЅС‚Р°С†РёРё;0;0.0;0.0
xml/xslt;0;0.0;0.0
РІС‹СЃРѕРєР°СЏ РѕС‚РІРµС‚СЃС‚РІРµРЅРЅРѕСЃС‚СЊ;0;0.0;0.0
Р°РІС‚РѕРјР°С‚РёР·РёСЂРѕРІР°РЅРЅРѕРµ С‚РµСЃС‚РёСЂРѕРІР°РЅРёРµ;0;0.0;0.0
selenide;0;0.0;0.0
Р°РЅРіР»РёР№СЃРєРёР№ вЂ” b1 вЂ” СЃСЂРµРґРЅРёР№;0;0.0;0.0
СЂРµР·СѓР»СЊС‚Р°С‚РёРІРЅРѕСЃС‚СЊ;0;0.0;0.0
С„РѕСЂСЃР°Р№С‚;0;0.0;0.0
intellij idea;0;0.0;0.0
nestjs;0;0.0;0.0
cython;0;0.0;0.0
genism;0;0.0;0.0
Р°РЅР°Р»РёР· С‚СЂРµР±РѕРІР°РЅРёР№;0;0.0;0.0
information technology;0;0.0;0.0
quant;0;0.0;0.0
mobx;0;0.0;0.0
problem solving;0;0.0;0.0
mathematical modeling;0;0.0;0.0
Р±РёС‚СЂРёРєСЃ 24;0;0.0;0.0
chromium code base;0;0.0;0.0
elastic;63;2700000.0;42857.142857142855
lightgbm;135;4672000.000000002;34607.40740740742
aurelia;0;0.0;0.0
hardware;0;0.0;0.0
vaex;0;0.0;0.0
basic;0;0.0;0.0
Р»РѕРіРёС‡РµСЃРєРѕРµ РјС‹С€Р»РµРЅРёРµ;0;0.0;0.0
ffmeg;0;0.0;0.0
РіРёР±РєРѕСЃС‚СЊ РјС‹С€Р»РµРЅРёСЏ;0;0.0;0.0
СѓРјРµРЅРёРµ РЅР°С…РѕРґРёС‚СЊ РѕР±С‰РёР№ СЏР·С‹Рє;0;0.0;0.0
alembic docker;0;0.0;0.0
РёРјРїРѕСЂС‚РѕР·Р°РјРµС‰РµРЅРёРµ;0;0.0;0.0
merge requests;0;0.0;0.0
РІС‹СЃРѕРєРѕРЅР°РіСЂСѓР¶РµРЅРЅС‹Рµ СЃРµСЂРІРёСЃС‹;0;0.0;0.0
fashion;0;0.0;0.0
РёРЅС‚РµРіСЂР°С†РёСЏ СЃ РІРЅРµС€РЅРёРјРё СЃРµСЂРІРёСЃР°РјРё;0;0.0;0.0
spa;612;19972555.194805197;32634.89410915882
raw sql;0;0.0;0.0
apache cassandra;0;0.0;0.0
РІРµРЅРґРёРЅРі;0;0.0;0.0
aiohhtp;0;0.0;0.0
boto3;0;0.0;0.0
docker + docker-compose;0;0.0;0.0
dvc;0;0.0;0.0
СѓС‡Р°СЃС‚РёРµ РІ РєРѕРЅС„РµСЂРµРЅС†РёСЏС… Рё РјР°СЃС‚РµСЂ-РєР»Р°СЃСЃР°С…;0;0.0;0.0
assembler;52;7548703.655314568;145167.3779868186
СЃР°РїСЂ;0;0.0;0.0
java core;0;0.0;0.0
telegram bot;0;0.0;0.0
samba;0;0.0;0.0
yii1;0;0.0;0.0
arp;0;0.0;0.0
architect;0;0.0;0.0
СѓРІРµСЂРµРЅРЅРѕРµ Р·РЅР°РЅРёРµ РїРє;0;0.0;0.0
СѓР»Р°Р¶РёРІР°РЅРёРµ РєРѕРЅС„Р»РёРєС‚РѕРІ;0;0.0;0.0
microservices architecture;0;0.0;0.0
ms integration services;0;0.0;0.0
kamailio;0;0.0;0.0
jupyterlab;0;0.0;0.0
js css html;0;0.0;0.0
nlu;0;0.0;0.0
nsu;78;2209125.0;28322.115384615383
object pascal/delphi;0;0.0;0.0
objectscript;0;0.0;0.0
onnx runtime;0;0.0;0.0
ood patterns;0;0.0;0.0
ooРї;0;0.0;0.0
open cv;0;0.0;0.0
opengl;0;0.0;0.0
openwrt;0;0.0;0.0
oracle crm;0;0.0;0.0
oracle virtualbox;0;0.0;0.0
РєРѕРјР°РЅРґРѕРѕР±СЂР°Р·РѕРІР°РЅРёРµ;0;0.0;0.0
СѓРјРµРЅРёРµ Р°РЅР°Р»РёС‚РёС‡РµСЃРєРё РјС‹СЃР»РёС‚СЊ;0;0.0;0.0
СѓРјРµРЅРёРµ РґРѕРіРѕРІР°СЂРёРІР°С‚СЊСЃСЏ;0;0.0;0.0
РЅР°С†РµР»РµРЅ РЅР° СЂРµР·СѓР»СЊС‚Р°С‚;0;0.0;0.0
СѓРјРµРЅРёРµ РѕР±С‰Р°С‚СЊСЃСЏ СЃ Р»СЋРґСЊРјРё;0;0.0;0.0
СѓРјРµРЅРёРµ РѕР±СЉСЏСЃРЅСЏС‚СЊ;0;0.0;0.0
codeception;0;0.0;0.0
tox;0;0.0;0.0
СЂР°Р·СЂР°Р±РѕС‚РєР° api;0;0.0;0.0
yandex.datalens;0;0.0;0.0
Р±СЂРѕРєРµСЂС‹ СЃРѕРѕР±С‰РµРЅРёР№;0;0.0;0.0
С„СѓС‚Р±РѕР»;0;0.0;0.0
owasp;0;0.0;0.0
wfs;0;0.0;0.0
whs;0;0.0;0.0
wms;0;0.0;0.0
djangodrf;0;0.0;0.0
СЃСѓР±Рґ postgresql;0;0.0;0.0
json rpc;0;0.0;0.0
django 3/drf;0;0.0;0.0
yolov5;0;0.0;0.0
СЂР°Р·СЂР°Р±РѕС‚РєР° РїСЂРѕРµРєС‚РЅРѕР№ РґРѕРєСѓРјРµРЅС‚Р°С†РёРё;0;0.0;0.0
РЅР°СЃС‚СЂРѕР№РєР° РѕР±РѕСЂСѓРґРѕРІР°РЅРёСЏ;0;0.0;0.0
chatgpt;0;0.0;0.0
iam;0;0.0;0.0
llm;0;0.0;0.0
talend;0;0.0;0.0
ugc СЃРµСЂРІРёСЃ;0;0.0;0.0
vosk;0;0.0;0.0
vosper;0;0.0;0.0
vuetify+ts;0;0.0;0.0
whisper;0;0.0;0.0
РіРѕР»РѕСЃРѕРІРѕР№ РїРѕРјРѕС‰РЅРёРє;0;0.0;0.0
С‡РµС‚РєР°СЏ РґРёРєС†РёСЏ;0;0.0;0.0
rasa;0;0.0;0.0
pytest,;458;18041827.547031764;39392.636565571534
postgresq;141;2004058.4415584393;14213.180436584676
Р°Р»РіРѕСЂРёС‚РјРёС‡РµСЃРєРѕРµ РїСЂРѕРіСЂР°РјРјРёСЂРѕРІР°РЅРёРµ;0;0.0;0.0
РІРµР±-Р°РЅР°Р»РёС‚РёРєР°;0;0.0;0.0
РїСЂР°РІРёР»СЊРЅРѕ СЂР°СЃСЃС‚Р°РІР»СЏС‚СЊ РїСЂРёРѕСЂРёС‚РµС‚С‹;0;0.0;0.0
cbv;0;0.0;0.0
С†РµР»РµРїРѕР»Р°РіР°РЅРёРµ;0;0.0;0.0
web-scraping;0;0.0;0.0
mockito;0;0.0;0.0
nextjs;30;1455721.795390214;48524.05984634047
maple;0;0.0;0.0
sso;18;349373.23089365155;19409.6239385362
С‚РµС…РЅРёС‡РµСЃРєРёР№ Р°РЅРіР»РёР№СЃРєРёР№ СЏР·С‹Рє;0;0.0;0.0
argparse;0;0.0;0.0
gitlabcl;0;0.0;0.0
unittest/doctest/pytes;0;0.0;0.0
ms analysis server;0;0.0;0.0
sql lite;0;0.0;0.0
СѓСЃС‚РЅР°СЏ СЂРµС‡СЊ;0;0.0;0.0
sensor fusion;0;0.0;0.0
СЂР°Р·СЂР°Р±РѕС‚РєР° Р°Р»РіРѕСЂРёС‚РјРѕРІ;0;0.0;0.0
less;27;385714.28571428556;14285.71428571428
РјРЅРѕРіРѕРїРѕС‚РѕС‡РЅРѕСЃС‚СЊ;0;0.0;0.0
customer orientation;0;0.0;0.0
Р±РёР±Р»РёРѕС‚РµРєРё СЂР°СЃРїРѕР·РЅР°РІР°РЅРёСЏ СЂРµС‡Рё;0;0.0;0.0
etc marine systems;0;0.0;0.0
linux-embedded;0;0.0;0.0
ml engineer;0;0.0;0.0
С‡Р°С‚-Р±РѕС‚;0;0.0;0.0
stylus/sass/less;0;0.0;0.0
ms-sql, kafka, РѕРѕРї, docker;0;0.0;0.0
РІРЅРµС€РЅСЏСЏ РѕРїС‚РёРјРёР·Р°С†РёСЏ СЃР°Р№С‚Р°;0;0.0;0.0
back end;91;8190000.0;90000.0
СЃС‚СЂСѓРєС‚СѓСЂС‹ РґР°РЅРЅС‹С…;0;0.0;0.0
СЂСѓРєРѕРІРѕРґРёС‚РµР»СЊ РіСЂСѓРїРїС‹;0;0.0;0.0
engineering;203;5153666.666666665;25387.520525451553
qlikview;0;0.0;0.0
r programming;0;0.0;0.0
ssis;0;0.0;0.0
structure from motion;0;0.0;0.0
СЂРµР°Р»РёР·Р°С†РёСЏ РїСЂРѕРµРєС‚РѕРІ;0;0.0;0.0
corporate governance;0;0.0;0.0
djangigo;0;0.0;0.0
jupter hub\lab;0;0.0;0.0
proxy;194;16326095.161072902;84155.12969625207
ad;3236;224206708.5570579;69285.1386146656
presale;0;0.0;0.0
orm sqlalchemy;0;0.0;0.0
РёРё;0;0.0;0.0
joomla;0;0.0;0.0
git bash python linux docker ansible gitlab kubernetes devops prometheus gitlab ci cicd Р°РЅРіР»РёР№СЃРєРёР№;0;0.0;0.0
СѓРјРµРЅРёРµ РѕР±СЂР°Р±Р°С‚С‹РІР°С‚СЊ Р±РѕР»СЊС€РѕРµ РєРѕР»РёС‡РµСЃС‚РІРѕ РёРЅС„РѕСЂРјР°С†РёРё;0;0.0;0.0
apache flex;0;0.0;0.0
jinja;0;0.0;0.0
pony orm;0;0.0;0.0
РїСЂРѕРіСЂР°РјРјРёСЂРѕРІР°РЅРёРµ РјРёРєСЂРѕРєРѕРЅС‚СЂРѕР»Р»РµСЂРѕРІ;0;0.0;0.0
socket;150;2940000.0;19600.0
РѕСЃРЅРѕРІС‹ С‚РµРѕСЂРёРё РіСЂР°С„РѕРІ;0;0.0;0.0
weka;0;0.0;0.0
Р±РёС‚СЂРёСЃ24;0;0.0;0.0
Р±С‹СЃС‚СЂРѕ СѓС‡СѓСЃСЊ;0;0.0;0.0
РІРµСЂСЃС‚РєР° РІРµР±-СЃС‚СЂР°РЅРёС†, РІ С‚РѕРј С‡РёСЃР»Рµ Р°РґР°РїС‚РёРІРЅР°СЏ;0;0.0;0.0
РІС‹СЃРѕРєРёР№ СѓСЂРѕРІРµРЅСЊ РґРёСЃС†РёРїР»РёРЅС‹;0;0.0;0.0
РІС‹СЃРѕРєРѕРЅР°РіСЂСѓР¶РµРЅРЅС‹Р№ РєР»РёРµРЅС‚СЃРєРёР№ СЃРµСЂРІРёСЃ;0;0.0;0.0
multitasking;0;0.0;0.0
РіРµРѕС„РёР·РёРєР°;0;0.0;0.0
РіСЂР°РјРѕС‚РЅР°СЏ СѓСЃС‚РЅР°СЏ Рё РїРёСЃСЊРјРµРЅРЅР°СЏ СЂРµС‡СЊ;0;0.0;0.0
mq;118;5892500.0;49936.4406779661
РґРѕР»Р¶РЅРѕСЃС‚РЅС‹Рµ РёРЅСЃС‚СЂСѓРєС†РёРё;0;0.0;0.0
Р¶РµР»Р°РЅРёРµ СЂР°Р±РѕС‚Р°С‚СЊ Рё Р·Р°СЂР°Р±Р°С‚С‹РІР°С‚СЊ;0;0.0;0.0
С‚РµС…РЅРёС‡РµСЃРєРѕРµ СЃРѕРїСЂРѕРІРѕР¶РґРµРЅРёРµ;0;0.0;0.0
map tiles;0;0.0;0.0
РёРЅС„СЂР°СЃС‚СЂСѓРєС‚СѓСЂР° РґР°РЅРЅС‹С…;0;0.0;0.0
linuxcnc;0;0.0;0.0
java-ml;0;0.0;0.0
janus;0;0.0;0.0
jaicp;0;0.0;0.0
imageproxy;0;0.0;0.0
graphana;0;0.0;0.0
ar;9729;416998122.0235647;42861.35492070765
РЅР°РїРёСЃР°РЅРёРµ Р°Р»РіРѕСЂРёС‚РјРѕРІ;0;0.0;0.0
РЅР°СЃС‚РѕР№С‡РёРІРѕСЃС‚СЊ;0;0.0;0.0
google analytics;0;0.0;0.0
gino;0;0.0;0.0
appium;0;0.0;0.0
РѕР±СЂР°Р±РѕС‚РєР° СЃРёРіРЅР°Р»РѕРІ;0;0.0;0.0
apm;0;0.0;0.0
api,;296;7269884.45378151;24560.42045196456
geo;108;2985843.590780431;27646.69991463362
РѕР±СѓС‡РµРЅРёРµ СЃРѕС‚СЂСѓРґРЅРёРєРѕРІ;0;0.0;0.0
РѕР±СѓС‡РµРЅРёРё РјР°С€РёРЅРЅС‹С… РјРѕРґРµР»РµР№;0;0.0;0.0
freelance;0;0.0;0.0
РѕРїРёСЃР°РЅРёРµ РїРѕР»СЊР·РѕРІР°С‚РµР»СЊСЃРєРѕРіРѕ РѕРїС‹С‚Р°;0;0.0;0.0
framework;1184;50092700.097765855;42308.02373122116
flyway;0;0.0;0.0
flume;0;0.0;0.0
flask api;0;0.0;0.0
flake8;56;140000.0;2500.0
СѓРјРЅС‹Р№ РґРѕРј;0;0.0;0.0
СЌС„С„РµРєС‚РёРІРЅРѕРµ СЂРµС€РµРЅРёРµ РїСЂРѕР±Р»РµРј;0;0.0;0.0
dbt;95;4337499.999999998;45657.894736842085
СЂР°Р·РІРёС‚РёРµ РїСЂРѕРґР°Р¶;0;0.0;0.0
csv;0;0.0;0.0
css-РІРµСЂСЃС‚РєР°;0;0.0;0.0
cron;0;0.0;0.0
СЂР°Р·СЂР°Р±РѕС‚С‡РёРє python;0;0.0;0.0
СЂР°СЃРїСЂРµРґРµР»С‘РЅРЅС‹Рµ СЃРµСЂРІРёСЃС‹;0;0.0;0.0
СЂРµРјРѕРЅС‚ РїРє;0;0.0;0.0
aiohtpp;0;0.0;0.0
cmmi;0;0.0;0.0
clickhouse,;185;9092424.242424237;49148.23914823912
click house;0;0.0;0.0
charles;0;0.0;0.0
1-wire;0;0.0;0.0
СЃffi;0;0.0;0.0
chakraui;0;0.0;0.0
celery + rabbitmq;0;0.0;0.0
СЃР°РјРѕРѕР±СѓС‡РµРЅРёРµ;0;0.0;0.0
celery + flower;0;0.0;0.0
celary;0;0.0;0.0
bullet;0;0.0;0.0
streamlit;0;0.0;0.0
substrate;0;0.0;0.0
stock market;0;0.0;0.0
stereo correspondence;0;0.0;0.0
swagger,;0;0.0;0.0
swig;0;0.0;0.0
systemd;44;550000.0;12500.0
system design;0;0.0;0.0
tableau;0;0.0;0.0
sqoop;0;0.0;0.0
socketio;0;0.0;0.0
soa;64;3200000.0;50000.0
sms gateway;0;0.0;0.0
telegram api;0;0.0;0.0
СЃРѕРіР»Р°СЃРѕРІР°РЅРёРµ РґРѕРіРѕРІРѕСЂРѕРІ;0;0.0;0.0
smpp protocol;0;0.0;0.0
СЃРѕР·РґР°РЅРёРµ РѕР±СЂР°Р·РѕРІР°С‚РµР»СЊРЅС‹С… РїСЂРѕРіСЂР°РјРј;0;0.0;0.0
bpm;0;0.0;0.0
thrift;0;0.0;0.0
senior python developer;0;0.0;0.0
time-series db;0;0.0;0.0
tls;0;0.0;0.0
tomcat;0;0.0;0.0
security;0;0.0;0.0
sds;0;0.0;0.0
tortoiseorm;0;0.0;0.0
sdn;0;0.0;0.0
screadsheets;0;0.0;0.0
tsu;0;0.0;0.0
san;15;403125.0;26875.0
СЃРѕСЃСЂРµРґРѕС‚РѕС‡РµРЅРЅРѕСЃС‚СЊ;0;0.0;0.0
rest/rpc;0;0.0;0.0
ui/ux;0;0.0;0.0
research and development;0;0.0;0.0
request;218;6054404.761904754;27772.498907819972
СЃРѕСЃС‚Р°РІР»РµРЅРёРµ С‚Р·;0;0.0;0.0
redisfastap;0;0.0;0.0
unreal engine;0;0.0;0.0
rdbms databases;0;0.0;0.0
СЃРїРѕСЃРѕР±РЅРѕСЃС‚СЊ РѕР±СѓС‡Р°С‚СЊ РґСЂСѓРіРёС…;0;0.0;0.0
visiology;0;0.0;0.0
rabbitqm;0;0.0;0.0
СЃРїРѕСЃРѕР±РЅРѕСЃС‚СЊ СЂР°Р±РѕС‚Р°С‚СЊ РІ РєРѕРјР°РЅРґРµ;0;0.0;0.0
queries;0;0.0;0.0
vmware workstation;0;0.0;0.0
vs code;0;0.0;0.0
vue 3;15;403125.0;26875.0
pyton;0;0.0;0.0
python СЂР°Р·СЂР°Р±РѕС‚С‡РёРє;0;0.0;0.0
python, postgresql;0;0.0;0.0
vuetify;0;0.0;0.0
python, django framework, git, sql, postgresql, backend, rest;0;0.0;0.0
autodevops;0;0.0;0.0
scraping;0;0.0;0.0
Р°РІС‚РѕРјР°С‚РёР·Р°С†РёСЏ С‚РµСЃС‚РёСЂРѕРІР°РЅРёСЏ;0;0.0;0.0
РёРіСЂР°СЋС‰РёР№ С‚СЂРµРЅРµСЂ;0;0.0;0.0
deeplearning;0;0.0;0.0
РЅР°РІС‹РєРё СЂР°Р·СЂРµС€РµРЅРёСЏ СЃРїРѕСЂРЅС‹С… СЃРёС‚СѓР°С†РёР№;0;0.0;0.0
Р±РѕС‚С‹;0;0.0;0.0
metabase;0;0.0;0.0
html, css, javascript;0;0.0;0.0
РёРіСЂС‹;0;0.0;0.0
СЂР°Р·СЂР°Р±РѕС‚РєР° РєРѕРЅС†РµРїС†РёРё;0;0.0;0.0
type script;0;0.0;0.0
Р°РЅРіР»РёР№СЃРєРёР№ СЏР·С‹Рє (upper-intermediate);0;0.0;0.0
tpu;0;0.0;0.0
zennoposter;0;0.0;0.0
Р±Р°Р·С‹ orm;0;0.0;0.0
РіРµР№РјРґРµРІ;0;0.0;0.0
ico;97;3016666.6666666656;31099.656357388303
РєРёР±РµСЂСЃРїРѕСЂС‚;0;0.0;0.0
acid;0;0.0;0.0
graph ql;0;0.0;0.0
РѕРїС‹С‚ СЂР°Р±РѕС‚С‹ РІ 1СЃ;0;0.0;0.0
excel;242;14694358.940858826;60720.49149115218
cms;0;0.0;0.0
СЂР°Р·СЂР°Р±РѕС‚РєР° Р»РѕРіРёСЃС‚РёРєРё;0;0.0;0.0
ssas;0;0.0;0.0
supply chain optimisation;0;0.0;0.0
sap;0;0.0;0.0
research;27;385714.28571428556;14285.71428571428
python backend developer;0;0.0;0.0
webhooks;0;0.0;0.0
amazon ws;0;0.0;0.0
doctest;0;0.0;0.0
bootstrap 4/5;0;0.0;0.0
python django rest framework pytest rabbitmq celery redis clickhouse mongodb postgresql fas;0;0.0;0.0
digital ocean;0;0.0;0.0
РѕРїС‚РёРјРёР·Р°С†РёСЏ РїСЂРѕС†РµСЃСЃРѕРІ;0;0.0;0.0
mypy;56;140000.0;2500.0
web-framework;0;0.0;0.0
Р°СѓРґРёС‚ СѓС‡РµР±РЅС‹С… РїСЂРѕРіСЂР°РјРј;0;0.0;0.0
cad;29;1305000.0;45000.0
С…СЂР°РЅРµРЅРёРµ Рё РѕР±СЂР°Р±РѕС‚РєР° РґР°РЅРЅС‹С…;0;0.0;0.0
protobuf;0;0.0;0.0
Р°СЃРёРЅС…СЂРѕРЅРЅРѕРµ РІР·Р°РёРјРѕРґРµР№СЃС‚РІРёРµ;0;0.0;0.0
РїСЂРѕРіСЂР°РјРјРёСЃС‚;0;0.0;0.0
Р°Р»РіРѕС‚СЂРµР№РґРёРЅРі;0;0.0;0.0
Р±РёР·РЅРµСЃ-РїР»Р°РЅРёСЂРѕРІР°РЅРёРµ;0;0.0;0.0
Р°СЃСѓ;0;0.0;0.0
server sent events;0;0.0;0.0
quality control;0;0.0;0.0
continuous dilivery;0;0.0;0.0
rebbitmq;0;0.0;0.0
scrapper;0;0.0;0.0
